path	sentence	client_id	translation	split
common_voice_en_19417240.mp3	Sneinton has a public library, which can be found on Sneinton Boulevard.	ae13a4a776cf3019e7003e952cb2def0333cc044ddab4e84c2d9e900baad18d586fac6fbd80404141c91b0accd3bab1dd663aa83b10a7de6ca3a1064e1a8a39e	스네틴턴에는 스네틴턴 대로에 있는 공공 도서관이 있습니다.	train
common_voice_en_19417258.mp3	Thomas William Hamilton was born to George and Betty Hamilton in Colorado Springs, Colorado.	ae13a4a776cf3019e7003e952cb2def0333cc044ddab4e84c2d9e900baad18d586fac6fbd80404141c91b0accd3bab1dd663aa83b10a7de6ca3a1064e1a8a39e	토마스 윌리엄 해밀턴은 콜로라도주 콜로라도 스프링스에서 조지와 베티 해밀턴 사이에서 태어났습니다.	train
common_voice_en_19417259.mp3	He tended to do this better in short form than long.	ae13a4a776cf3019e7003e952cb2def0333cc044ddab4e84c2d9e900baad18d586fac6fbd80404141c91b0accd3bab1dd663aa83b10a7de6ca3a1064e1a8a39e	그는 긴 글보다 짧은 글을 더 잘 쓰는 경향이 있었습니다.	train
common_voice_en_19417260.mp3	Creature Comforts Brewing Company in Athens, Georgia brews a Berliner Weisse beer called Athena.	ae13a4a776cf3019e7003e952cb2def0333cc044ddab4e84c2d9e900baad18d586fac6fbd80404141c91b0accd3bab1dd663aa83b10a7de6ca3a1064e1a8a39e	조지아주 아테네에 위치한 크리처 컴포트 브루잉 컴퍼니는 아테나라는 베를린 바이스 맥주를 양조합니다.	train
common_voice_en_19417261.mp3	It was considered a regular radio-friendly pop album by many.	ae13a4a776cf3019e7003e952cb2def0333cc044ddab4e84c2d9e900baad18d586fac6fbd80404141c91b0accd3bab1dd663aa83b10a7de6ca3a1064e1a8a39e	많은 사람들이 라디오 친화적인 일반 팝 앨범으로 간주했습니다.	train
common_voice_en_19417262.mp3	The park spans Taichung Municipality, Nantou County, and Hualien County.	ae13a4a776cf3019e7003e952cb2def0333cc044ddab4e84c2d9e900baad18d586fac6fbd80404141c91b0accd3bab1dd663aa83b10a7de6ca3a1064e1a8a39e	이 공원은 타이중 시, 난터우 현, 화롄 현에 걸쳐 있습니다.	train
common_voice_en_19417283.mp3	The Royal Mews Department is overseen by an official called the Crown Equerry.	ae13a4a776cf3019e7003e952cb2def0333cc044ddab4e84c2d9e900baad18d586fac6fbd80404141c91b0accd3bab1dd663aa83b10a7de6ca3a1064e1a8a39e	로얄 뮤즈 부서는 크라운 에퀘리라는 관리가 감독합니다.	train
common_voice_en_19417284.mp3	Ragged Mountain, elevation above sea level, is on the northern boundary.	ae13a4a776cf3019e7003e952cb2def0333cc044ddab4e84c2d9e900baad18d586fac6fbd80404141c91b0accd3bab1dd663aa83b10a7de6ca3a1064e1a8a39e	해발 고도가 높은 래기드 마운틴은 북쪽 경계에 있습니다.	train
common_voice_en_19417285.mp3	William L. Foster, a fundamentalist minister, and his family.	ae13a4a776cf3019e7003e952cb2def0333cc044ddab4e84c2d9e900baad18d586fac6fbd80404141c91b0accd3bab1dd663aa83b10a7de6ca3a1064e1a8a39e	근본주의 목사인 윌리엄 L. 포스터와 그의 가족.	train
common_voice_en_19417286.mp3	The courbette, like the capriole, is first introduced through the easier croupade.	ae13a4a776cf3019e7003e952cb2def0333cc044ddab4e84c2d9e900baad18d586fac6fbd80404141c91b0accd3bab1dd663aa83b10a7de6ca3a1064e1a8a39e	쿠르베는 카프리올레와 마찬가지로 더 쉬운 크로파드를 통해 처음 소개됩니다.	train
common_voice_en_19417287.mp3	McLaughlin is a graduate of Radio-Television-Film at the University of Texas.	ae13a4a776cf3019e7003e952cb2def0333cc044ddab4e84c2d9e900baad18d586fac6fbd80404141c91b0accd3bab1dd663aa83b10a7de6ca3a1064e1a8a39e	맥러플린은 텍사스 대학교에서 라디오-텔레비전-영화를 전공했습니다.	train
common_voice_en_19417293.mp3	This is in Chapter Eight.	ae13a4a776cf3019e7003e952cb2def0333cc044ddab4e84c2d9e900baad18d586fac6fbd80404141c91b0accd3bab1dd663aa83b10a7de6ca3a1064e1a8a39e	이 내용은 8장에 나와 있습니다.	train
common_voice_en_19417294.mp3	In this regard they have achieved some equality with Catholic schools.	ae13a4a776cf3019e7003e952cb2def0333cc044ddab4e84c2d9e900baad18d586fac6fbd80404141c91b0accd3bab1dd663aa83b10a7de6ca3a1064e1a8a39e	이 점에서 그들은 가톨릭 학교와 어느 정도 평등을 이루었습니다.	train
common_voice_en_19417295.mp3	When we talked it was usually about the Badfinger business both past and future.	ae13a4a776cf3019e7003e952cb2def0333cc044ddab4e84c2d9e900baad18d586fac6fbd80404141c91b0accd3bab1dd663aa83b10a7de6ca3a1064e1a8a39e	대화를 나눌 때는 주로 과거와 미래의 배드핑거 비즈니스에 대해 이야기했습니다.	train
common_voice_en_19417296.mp3	Balanced polymorphisms may occur when heterozygotes are favored or when selection is frequency dependent.	ae13a4a776cf3019e7003e952cb2def0333cc044ddab4e84c2d9e900baad18d586fac6fbd80404141c91b0accd3bab1dd663aa83b10a7de6ca3a1064e1a8a39e	이형 접합체를 선호하거나 선택이 빈도에 따라 달라지는 경우 균형 잡힌 다형성이 발생할 수 있습니다.	train
common_voice_en_19417297.mp3	"Many of the label's employees were either cut or left."	ae13a4a776cf3019e7003e952cb2def0333cc044ddab4e84c2d9e900baad18d586fac6fbd80404141c91b0accd3bab1dd663aa83b10a7de6ca3a1064e1a8a39e	레이블의 많은 직원이 해고되거나 퇴사했습니다.	train
common_voice_en_19417298.mp3	General Manteuffel had been injured in the attack on the position.	ae13a4a776cf3019e7003e952cb2def0333cc044ddab4e84c2d9e900baad18d586fac6fbd80404141c91b0accd3bab1dd663aa83b10a7de6ca3a1064e1a8a39e	만토펠 장군은 이 진지를 공격하는 과정에서 부상을 입었습니다.	train
common_voice_en_19417299.mp3	"They are ""not"" the same versions as on ""Unleashed in the East""."	ae13a4a776cf3019e7003e952cb2def0333cc044ddab4e84c2d9e900baad18d586fac6fbd80404141c91b0accd3bab1dd663aa83b10a7de6ca3a1064e1a8a39e	'동방의 해방'과 "같은" 버전이 아닙니다.	train
common_voice_en_19417300.mp3	Eight other moons form the Skathi subgroup.	ae13a4a776cf3019e7003e952cb2def0333cc044ddab4e84c2d9e900baad18d586fac6fbd80404141c91b0accd3bab1dd663aa83b10a7de6ca3a1064e1a8a39e	다른 8개의 위성이 스카티 하위 그룹을 구성합니다.	train
common_voice_en_19417301.mp3	"""Rainbow Islands"" had to alter its music for the re-release due to licensing."	ae13a4a776cf3019e7003e952cb2def0333cc044ddab4e84c2d9e900baad18d586fac6fbd80404141c91b0accd3bab1dd663aa83b10a7de6ca3a1064e1a8a39e	레인보우 아일랜드'는 라이선스 문제로 인해 재개봉을 위해 음악을 변경해야 했습니다.	train
common_voice_en_19417302.mp3	"He grew up on the family's estate in Livingston."	ae13a4a776cf3019e7003e952cb2def0333cc044ddab4e84c2d9e900baad18d586fac6fbd80404141c91b0accd3bab1dd663aa83b10a7de6ca3a1064e1a8a39e	그는 리빙스턴에 있는 가족 소유의 영지에서 자랐습니다.	train
common_voice_en_19417303.mp3	"Ptolemy said that the towns of the Selgovae were ""Carbantorigum"", ""Uxellum"", ""Corda"", and ""Trimontium""."	ae13a4a776cf3019e7003e952cb2def0333cc044ddab4e84c2d9e900baad18d586fac6fbd80404141c91b0accd3bab1dd663aa83b10a7de6ca3a1064e1a8a39e	프톨레마이오스는 셀고베의 마을이 "카르반토리검", "유셀룸", "코르다", "트리몬티움"이라고 말했습니다.	train
common_voice_en_19417304.mp3	Springs here are noted for their rainy days and variable temperatures.	ae13a4a776cf3019e7003e952cb2def0333cc044ddab4e84c2d9e900baad18d586fac6fbd80404141c91b0accd3bab1dd663aa83b10a7de6ca3a1064e1a8a39e	이곳의 봄은 비가 오는 날이 많고 기온이 변덕스러운 것으로 유명합니다.	train
common_voice_en_19417305.mp3	The bay is the natural discharge point for the Las Vegas Wash.	ae13a4a776cf3019e7003e952cb2def0333cc044ddab4e84c2d9e900baad18d586fac6fbd80404141c91b0accd3bab1dd663aa83b10a7de6ca3a1064e1a8a39e	이 베이는 라스베이거스 워시의 자연 배출 지점입니다.	train
common_voice_en_19417306.mp3	They likely thought the natives were referring to the island itself.	ae13a4a776cf3019e7003e952cb2def0333cc044ddab4e84c2d9e900baad18d586fac6fbd80404141c91b0accd3bab1dd663aa83b10a7de6ca3a1064e1a8a39e	원주민들은 섬 자체를 가리킨다고 생각했을 가능성이 높습니다.	train
common_voice_en_19417307.mp3	Other authors prefer to use bold Latin for these symbols.	ae13a4a776cf3019e7003e952cb2def0333cc044ddab4e84c2d9e900baad18d586fac6fbd80404141c91b0accd3bab1dd663aa83b10a7de6ca3a1064e1a8a39e	다른 작성자는 이러한 기호에 굵은 라틴어를 사용하는 것을 선호합니다.	train
common_voice_en_19417309.mp3	Work also continued on the Rotunda and other public spaces.	ae13a4a776cf3019e7003e952cb2def0333cc044ddab4e84c2d9e900baad18d586fac6fbd80404141c91b0accd3bab1dd663aa83b10a7de6ca3a1064e1a8a39e	로툰다와 다른 공공장소에서도 작업이 계속되었습니다.	train
common_voice_en_19417310.mp3	He was sentenced to life imprisonment for her murder.	ae13a4a776cf3019e7003e952cb2def0333cc044ddab4e84c2d9e900baad18d586fac6fbd80404141c91b0accd3bab1dd663aa83b10a7de6ca3a1064e1a8a39e	그는 그녀를 살해한 혐의로 종신형을 선고받았습니다.	train
common_voice_en_19417311.mp3	"It is a ""frazione"" of the ""comune"" of Sacile, in the province of Pordenone."	ae13a4a776cf3019e7003e952cb2def0333cc044ddab4e84c2d9e900baad18d586fac6fbd80404141c91b0accd3bab1dd663aa83b10a7de6ca3a1064e1a8a39e	포르데노네 지방에 있는 사칠레의 '코뮌'의 '프라치오네'입니다.	train
common_voice_en_19417312.mp3	The Dubuque Star Brewery still stands today in the same location.	ae13a4a776cf3019e7003e952cb2def0333cc044ddab4e84c2d9e900baad18d586fac6fbd80404141c91b0accd3bab1dd663aa83b10a7de6ca3a1064e1a8a39e	더부크 스타 브루어리는 오늘날에도 여전히 같은 위치에 있습니다.	train
common_voice_en_19422999.mp3	Both Perkins, the moderator and the audience were laughing.	ae13a4a776cf3019e7003e952cb2def0333cc044ddab4e84c2d9e900baad18d586fac6fbd80404141c91b0accd3bab1dd663aa83b10a7de6ca3a1064e1a8a39e	퍼킨스와 사회자, 청중 모두 웃음을 터뜨렸습니다.	train
common_voice_en_19423000.mp3	"Deene Park is currently the residence of George's grandson Robert Brudenell."	ae13a4a776cf3019e7003e952cb2def0333cc044ddab4e84c2d9e900baad18d586fac6fbd80404141c91b0accd3bab1dd663aa83b10a7de6ca3a1064e1a8a39e	딘 파크는 현재 조지의 손자 로버트 브루데넬이 거주하고 있습니다.	train
common_voice_en_19423001.mp3	The winner was Ken Atkinson of the Progressive Conservative Party.	ae13a4a776cf3019e7003e952cb2def0333cc044ddab4e84c2d9e900baad18d586fac6fbd80404141c91b0accd3bab1dd663aa83b10a7de6ca3a1064e1a8a39e	우승자는 진보보수당의 켄 앳킨슨이었습니다.	train
common_voice_en_19423002.mp3	The Saints are led by Head Coach Mark Wick.	ae13a4a776cf3019e7003e952cb2def0333cc044ddab4e84c2d9e900baad18d586fac6fbd80404141c91b0accd3bab1dd663aa83b10a7de6ca3a1064e1a8a39e	세인츠는 마크 윅 감독이 이끌고 있습니다.	train
common_voice_en_19423003.mp3	It was a botched fake field goal that ended in an interception.	ae13a4a776cf3019e7003e952cb2def0333cc044ddab4e84c2d9e900baad18d586fac6fbd80404141c91b0accd3bab1dd663aa83b10a7de6ca3a1064e1a8a39e	인터셉션으로 끝나는 실패한 가짜 필드 골이었습니다.	train
common_voice_en_19423009.mp3	H Division was concerned with Personnel and Human Resources functions.	ae13a4a776cf3019e7003e952cb2def0333cc044ddab4e84c2d9e900baad18d586fac6fbd80404141c91b0accd3bab1dd663aa83b10a7de6ca3a1064e1a8a39e	H 부서는 인사 및 인사 기능을 담당했습니다.	train
common_voice_en_19423010.mp3	"Included is a collaboration with Sheryl Crow on ""Baby, It's Cold Outside""."	ae13a4a776cf3019e7003e952cb2def0333cc044ddab4e84c2d9e900baad18d586fac6fbd80404141c91b0accd3bab1dd663aa83b10a7de6ca3a1064e1a8a39e	셰릴 크로우와의 콜라보레이션 곡 'Baby, It's Cold Outside'도 포함되어 있습니다.	train
common_voice_en_19423011.mp3	Reddick was born in Jackson, Kentucky and attended Breathitt County High School.	ae13a4a776cf3019e7003e952cb2def0333cc044ddab4e84c2d9e900baad18d586fac6fbd80404141c91b0accd3bab1dd663aa83b10a7de6ca3a1064e1a8a39e	레딕은 켄터키주 잭슨에서 태어나 브레스잇 카운티 고등학교를 다녔습니다.	train
common_voice_en_19423012.mp3	Buckingham, Fleetwood, and John McVie were eventually brought in to supply the instrumentation.	ae13a4a776cf3019e7003e952cb2def0333cc044ddab4e84c2d9e900baad18d586fac6fbd80404141c91b0accd3bab1dd663aa83b10a7de6ca3a1064e1a8a39e	결국 버킹엄, 플리트우드, 존 맥비가 계측기 공급을 위해 영입되었습니다.	train
common_voice_en_19423013.mp3	The acequia not only conducted potable water and irrigation, but also powered a mill.	ae13a4a776cf3019e7003e952cb2def0333cc044ddab4e84c2d9e900baad18d586fac6fbd80404141c91b0accd3bab1dd663aa83b10a7de6ca3a1064e1a8a39e	아케키아는 식수와 관개용수뿐만 아니라 방앗간에도 동력을 공급했습니다.	train
common_voice_en_19423014.mp3	Some lunar calendars do not use intercalation, such as most Islamic calendars.	ae13a4a776cf3019e7003e952cb2def0333cc044ddab4e84c2d9e900baad18d586fac6fbd80404141c91b0accd3bab1dd663aa83b10a7de6ca3a1064e1a8a39e	대부분의 이슬람 달력처럼 일부 음력은 인터캘레이션을 사용하지 않습니다.	train
common_voice_en_19423015.mp3	After the construction was complete, jobs in the area were scarce.	ae13a4a776cf3019e7003e952cb2def0333cc044ddab4e84c2d9e900baad18d586fac6fbd80404141c91b0accd3bab1dd663aa83b10a7de6ca3a1064e1a8a39e	공사가 완료된 후 이 지역에는 일자리가 부족했습니다.	train
common_voice_en_19423016.mp3	He seems to have had a strong influence on Louis.	ae13a4a776cf3019e7003e952cb2def0333cc044ddab4e84c2d9e900baad18d586fac6fbd80404141c91b0accd3bab1dd663aa83b10a7de6ca3a1064e1a8a39e	그는 루이에게 큰 영향을 미친 것으로 보입니다.	train
common_voice_en_19423017.mp3	After his death, at his request, his ashes were scattered on the Pacific Ocean.	ae13a4a776cf3019e7003e952cb2def0333cc044ddab4e84c2d9e900baad18d586fac6fbd80404141c91b0accd3bab1dd663aa83b10a7de6ca3a1064e1a8a39e	사망 후 그의 요청에 따라 그의 유골은 태평양에 뿌려졌습니다.	train
common_voice_en_19423018.mp3	Another estate was near Zelyony Myss on the Black Sea.	ae13a4a776cf3019e7003e952cb2def0333cc044ddab4e84c2d9e900baad18d586fac6fbd80404141c91b0accd3bab1dd663aa83b10a7de6ca3a1064e1a8a39e	또 다른 영지는 흑해의 젤로니 미스 근처에 있었습니다.	train
common_voice_en_19423019.mp3	The federally recognized Poarch Band of Creek Indians is headquartered in Atmore.	ae13a4a776cf3019e7003e952cb2def0333cc044ddab4e84c2d9e900baad18d586fac6fbd80404141c91b0accd3bab1dd663aa83b10a7de6ca3a1064e1a8a39e	연방정부가 인정한 크릭 인디언의 포아크 밴드는 앳모어에 본부를 두고 있습니다.	train
common_voice_en_19423020.mp3	"""Shock"" and ""Descent"" managed to chart but did not endure lasting popularity."	ae13a4a776cf3019e7003e952cb2def0333cc044ddab4e84c2d9e900baad18d586fac6fbd80404141c91b0accd3bab1dd663aa83b10a7de6ca3a1064e1a8a39e	Shock'과 'Descent'는 차트에 진입했지만 지속적인 인기를 얻지는 못했습니다.	train
common_voice_en_19423021.mp3	Shiva loves and trusts his brother.	ae13a4a776cf3019e7003e952cb2def0333cc044ddab4e84c2d9e900baad18d586fac6fbd80404141c91b0accd3bab1dd663aa83b10a7de6ca3a1064e1a8a39e	시바는 형을 사랑하고 신뢰합니다.	train
common_voice_en_19423022.mp3	It features larger maps, denser terrain, and free-roaming environments.	ae13a4a776cf3019e7003e952cb2def0333cc044ddab4e84c2d9e900baad18d586fac6fbd80404141c91b0accd3bab1dd663aa83b10a7de6ca3a1064e1a8a39e	더 큰 지도, 더 밀집된 지형, 자유로운 로밍 환경이 특징입니다.	train
common_voice_en_19423023.mp3	All songs written by Shulman, Shulman, Shulman and Minnear and arranged by Gentle Giant.	ae13a4a776cf3019e7003e952cb2def0333cc044ddab4e84c2d9e900baad18d586fac6fbd80404141c91b0accd3bab1dd663aa83b10a7de6ca3a1064e1a8a39e	모든 곡은 슐만, 슐만, 슐만, 민니어가 작사하고 젠틀 자이언트가 편곡했습니다.	train
common_voice_en_19423024.mp3	"This clause was used to permit the republic's membership in the United Nations."	ae13a4a776cf3019e7003e952cb2def0333cc044ddab4e84c2d9e900baad18d586fac6fbd80404141c91b0accd3bab1dd663aa83b10a7de6ca3a1064e1a8a39e	이 조항은 공화국의 유엔 가입을 허용하는 데 사용되었습니다.	train
common_voice_en_19423025.mp3	She resolved to go to Texas, and help them.	ae13a4a776cf3019e7003e952cb2def0333cc044ddab4e84c2d9e900baad18d586fac6fbd80404141c91b0accd3bab1dd663aa83b10a7de6ca3a1064e1a8a39e	그녀는 텍사스로 가서 그들을 돕기로 결심했습니다.	train
common_voice_en_19423026.mp3	This volcano has no visible vents at its apex, only crater lakes.	ae13a4a776cf3019e7003e952cb2def0333cc044ddab4e84c2d9e900baad18d586fac6fbd80404141c91b0accd3bab1dd663aa83b10a7de6ca3a1064e1a8a39e	이 화산은 정점에는 눈에 보이는 통풍구가 없고 분화구 호수만 있습니다.	train
common_voice_en_19423027.mp3	"""Vitis californica"" is cultivated as an ornamental plant."	ae13a4a776cf3019e7003e952cb2def0333cc044ddab4e84c2d9e900baad18d586fac6fbd80404141c91b0accd3bab1dd663aa83b10a7de6ca3a1064e1a8a39e	"비티스 칼리포니카"는 관상용 식물로 재배됩니다."	train
common_voice_en_19423028.mp3	The boldface names are successors, and the italic names are in line of succession.	ae13a4a776cf3019e7003e952cb2def0333cc044ddab4e84c2d9e900baad18d586fac6fbd80404141c91b0accd3bab1dd663aa83b10a7de6ca3a1064e1a8a39e	굵은 글씨로 표시된 이름은 후임자이고 이탤릭체로 표시된 이름은 계승자입니다.	train
common_voice_en_19423029.mp3	Condition handling moreover provides a separation of mechanism from policy.	ae13a4a776cf3019e7003e952cb2def0333cc044ddab4e84c2d9e900baad18d586fac6fbd80404141c91b0accd3bab1dd663aa83b10a7de6ca3a1064e1a8a39e	또한 조건 처리는 메커니즘과 정책을 분리합니다.	train
common_voice_en_19423030.mp3	"He is the author of the novel ""Alpha Foxtrot"" and of numerous theatre plays."	ae13a4a776cf3019e7003e952cb2def0333cc044ddab4e84c2d9e900baad18d586fac6fbd80404141c91b0accd3bab1dd663aa83b10a7de6ca3a1064e1a8a39e	그는 소설 '알파 폭스트롯'과 수많은 연극을 집필한 작가입니다.	train
common_voice_en_19423031.mp3	The table gives official crowd figures only.	ae13a4a776cf3019e7003e952cb2def0333cc044ddab4e84c2d9e900baad18d586fac6fbd80404141c91b0accd3bab1dd663aa83b10a7de6ca3a1064e1a8a39e	이 표는 공식적인 군중 수치만 제공합니다.	train
common_voice_en_19423032.mp3	These results were recognized by well-known foreign and Romanian publications.	ae13a4a776cf3019e7003e952cb2def0333cc044ddab4e84c2d9e900baad18d586fac6fbd80404141c91b0accd3bab1dd663aa83b10a7de6ca3a1064e1a8a39e	이러한 결과는 외국 및 루마니아의 유명 출판물에서 인정받았습니다.	train
common_voice_en_19423033.mp3	"Congressman and Leake's great-great-grandson."	ae13a4a776cf3019e7003e952cb2def0333cc044ddab4e84c2d9e900baad18d586fac6fbd80404141c91b0accd3bab1dd663aa83b10a7de6ca3a1064e1a8a39e	국회의원이자 리크의 증손자.	train
common_voice_en_19423034.mp3	False peace will not last.	ae13a4a776cf3019e7003e952cb2def0333cc044ddab4e84c2d9e900baad18d586fac6fbd80404141c91b0accd3bab1dd663aa83b10a7de6ca3a1064e1a8a39e	거짓 평화는 지속되지 않습니다.	train
common_voice_en_19423036.mp3	This stood as a world record for thirteen years and remains a European record.	ae13a4a776cf3019e7003e952cb2def0333cc044ddab4e84c2d9e900baad18d586fac6fbd80404141c91b0accd3bab1dd663aa83b10a7de6ca3a1064e1a8a39e	이 기록은 13년 동안 세계 기록으로 남아 있으며 유럽 기록으로 남아 있습니다.	train
common_voice_en_19423037.mp3	"Yggdrasil's company motto was ""Free Software For The Rest of Us""."	ae13a4a776cf3019e7003e952cb2def0333cc044ddab4e84c2d9e900baad18d586fac6fbd80404141c91b0accd3bab1dd663aa83b10a7de6ca3a1064e1a8a39e	이그드라실의 회사 모토는 "우리 모두를 위한 무료 소프트웨어"였습니다.	train
common_voice_en_19423039.mp3	They seek an external life that is in keeping with these values.	ae13a4a776cf3019e7003e952cb2def0333cc044ddab4e84c2d9e900baad18d586fac6fbd80404141c91b0accd3bab1dd663aa83b10a7de6ca3a1064e1a8a39e	이들은 이러한 가치에 부합하는 외적인 삶을 추구합니다.	train
common_voice_en_19423040.mp3	He was the cousin of Sir Ove Arup.	ae13a4a776cf3019e7003e952cb2def0333cc044ddab4e84c2d9e900baad18d586fac6fbd80404141c91b0accd3bab1dd663aa83b10a7de6ca3a1064e1a8a39e	그는 오베 아럽 경의 사촌이었습니다.	train
common_voice_en_19439635.mp3	"This might have been an attempt to take Campion's job."	ae13a4a776cf3019e7003e952cb2def0333cc044ddab4e84c2d9e900baad18d586fac6fbd80404141c91b0accd3bab1dd663aa83b10a7de6ca3a1064e1a8a39e	캠피온의 일자리를 빼앗으려는 시도였을 수도 있습니다.	train
common_voice_en_19439636.mp3	He lives in Oxford, Britain and is married to the artist Susan Moxley.	ae13a4a776cf3019e7003e952cb2def0333cc044ddab4e84c2d9e900baad18d586fac6fbd80404141c91b0accd3bab1dd663aa83b10a7de6ca3a1064e1a8a39e	그는 영국 옥스퍼드에 거주하며 아티스트 수잔 목슬리와 결혼했습니다.	train_covost
common_voice_en_19439637.mp3	He was three times President of the Republic.	ae13a4a776cf3019e7003e952cb2def0333cc044ddab4e84c2d9e900baad18d586fac6fbd80404141c91b0accd3bab1dd663aa83b10a7de6ca3a1064e1a8a39e	그는 세 차례 공화국 대통령을 역임했습니다.	train_covost
common_voice_en_19439638.mp3	"Let's also call the spin down state ""bosonic"" and the spin up state ""fermionic""."	ae13a4a776cf3019e7003e952cb2def0333cc044ddab4e84c2d9e900baad18d586fac6fbd80404141c91b0accd3bab1dd663aa83b10a7de6ca3a1064e1a8a39e	스핀다운 상태를 '보소닉', 스핀업 상태를 '페르미오닉'이라고도 합니다.	train_covost
common_voice_en_19439639.mp3	Deng Xiaoping thought that the absence of constraints on the Party was dangerous.	ae13a4a776cf3019e7003e952cb2def0333cc044ddab4e84c2d9e900baad18d586fac6fbd80404141c91b0accd3bab1dd663aa83b10a7de6ca3a1064e1a8a39e	덩샤오핑은 당에 제약이 없는 것은 위험하다고 생각했습니다.	train_covost
common_voice_en_19439640.mp3	He finished third in the championship.	ae13a4a776cf3019e7003e952cb2def0333cc044ddab4e84c2d9e900baad18d586fac6fbd80404141c91b0accd3bab1dd663aa83b10a7de6ca3a1064e1a8a39e	그는 챔피언십에서 3위를 차지했습니다.	train_covost
common_voice_en_19439641.mp3	The energy of these young people made that one participant fell off.	ae13a4a776cf3019e7003e952cb2def0333cc044ddab4e84c2d9e900baad18d586fac6fbd80404141c91b0accd3bab1dd663aa83b10a7de6ca3a1064e1a8a39e	이 젊은이들의 에너지에 한 참가자가 쓰러지기도 했습니다.	train
common_voice_en_19439642.mp3	Instead, their membranes dissolve, leaving no barriers between the male and female chromosomes.	ae13a4a776cf3019e7003e952cb2def0333cc044ddab4e84c2d9e900baad18d586fac6fbd80404141c91b0accd3bab1dd663aa83b10a7de6ca3a1064e1a8a39e	대신 막이 녹아 수컷과 암컷 염색체 사이에 장벽이 남지 않습니다.	train
common_voice_en_19439643.mp3	"The title ""Gumbasia"" was in homage to Walt Disney's ""Fantasia""."	ae13a4a776cf3019e7003e952cb2def0333cc044ddab4e84c2d9e900baad18d586fac6fbd80404141c91b0accd3bab1dd663aa83b10a7de6ca3a1064e1a8a39e	'검바시아'라는 제목은 월트 디즈니의 '판타지아'를 오마주한 것입니다.	train
common_voice_en_19439644.mp3	Several endowed chairs are named after him.	ae13a4a776cf3019e7003e952cb2def0333cc044ddab4e84c2d9e900baad18d586fac6fbd80404141c91b0accd3bab1dd663aa83b10a7de6ca3a1064e1a8a39e	그의 이름을 딴 기부 의자가 여러 개 있습니다.	train_covost
common_voice_en_19439645.mp3	It was published by Simon and Schuster.	ae13a4a776cf3019e7003e952cb2def0333cc044ddab4e84c2d9e900baad18d586fac6fbd80404141c91b0accd3bab1dd663aa83b10a7de6ca3a1064e1a8a39e	사이먼 앤 슈스터에서 출판했습니다.	train
common_voice_en_19439646.mp3	Prunella Scales and Joan Sanderson starred in both radio and television versions.	ae13a4a776cf3019e7003e952cb2def0333cc044ddab4e84c2d9e900baad18d586fac6fbd80404141c91b0accd3bab1dd663aa83b10a7de6ca3a1064e1a8a39e	프루넬라 스케일즈와 조안 샌더슨이 라디오와 텔레비전 버전에 모두 출연했습니다.	train
common_voice_en_19439647.mp3	Volksmarching participants enjoy recording distances and event participation in international record books.	ae13a4a776cf3019e7003e952cb2def0333cc044ddab4e84c2d9e900baad18d586fac6fbd80404141c91b0accd3bab1dd663aa83b10a7de6ca3a1064e1a8a39e	볼크스마라톤 참가자들은 거리와 이벤트 참가 기록을 국제 기록으로 남기는 것을 즐깁니다.	train
common_voice_en_19439648.mp3	Philip Malloy is a track-obsessed ninth grader at Harrison High School in New Hampshire.	ae13a4a776cf3019e7003e952cb2def0333cc044ddab4e84c2d9e900baad18d586fac6fbd80404141c91b0accd3bab1dd663aa83b10a7de6ca3a1064e1a8a39e	필립 말로이는 뉴햄프셔에 있는 해리슨 고등학교의 9학년 학생으로 운동에 열중하고 있습니다.	train
common_voice_en_19439649.mp3	One victim was scalped twice, from the hair on his head, to his beard.	ae13a4a776cf3019e7003e952cb2def0333cc044ddab4e84c2d9e900baad18d586fac6fbd80404141c91b0accd3bab1dd663aa83b10a7de6ca3a1064e1a8a39e	한 피해자는 머리털부터 수염까지 두 번이나 두피가 깎였습니다.	train
common_voice_en_19443441.mp3	Some White Americans have varying amounts of American Indian and Sub-Saharan African ancestry.	ae13a4a776cf3019e7003e952cb2def0333cc044ddab4e84c2d9e900baad18d586fac6fbd80404141c91b0accd3bab1dd663aa83b10a7de6ca3a1064e1a8a39e	일부 백인 미국인 중에는 아메리칸 인디언과 사하라 사막 이남의 아프리카계 혈통이 섞여 있는 경우도 있습니다.	train
common_voice_en_19443442.mp3	Keiko the Orca does not actually appear in this film unlike the original movie.	ae13a4a776cf3019e7003e952cb2def0333cc044ddab4e84c2d9e900baad18d586fac6fbd80404141c91b0accd3bab1dd663aa83b10a7de6ca3a1064e1a8a39e	이 영화에는 원작과 달리 범고래 케이코가 실제로 등장하지 않습니다.	train
common_voice_en_19443443.mp3	The impact of the war on islanders was profound.	ae13a4a776cf3019e7003e952cb2def0333cc044ddab4e84c2d9e900baad18d586fac6fbd80404141c91b0accd3bab1dd663aa83b10a7de6ca3a1064e1a8a39e	전쟁이 섬 주민들에게 미친 영향은 심각했습니다.	train
common_voice_en_19443444.mp3	Neighbouring villages are Bie and Valla.	ae13a4a776cf3019e7003e952cb2def0333cc044ddab4e84c2d9e900baad18d586fac6fbd80404141c91b0accd3bab1dd663aa83b10a7de6ca3a1064e1a8a39e	인근 마을은 비에와 발라입니다.	train
common_voice_en_19443445.mp3	Some people have voiced ethical concerns over this.	ae13a4a776cf3019e7003e952cb2def0333cc044ddab4e84c2d9e900baad18d586fac6fbd80404141c91b0accd3bab1dd663aa83b10a7de6ca3a1064e1a8a39e	일부 사람들은 이에 대해 윤리적 우려를 표명하고 있습니다.	train
common_voice_en_19444916.mp3	Finasteride has also been associated with intraoperative floppy iris syndrome and cataract formation.	ae13a4a776cf3019e7003e952cb2def0333cc044ddab4e84c2d9e900baad18d586fac6fbd80404141c91b0accd3bab1dd663aa83b10a7de6ca3a1064e1a8a39e	피나스테리드는 수술 중 플로피 홍채 증후군 및 백내장 형성과도 관련이 있습니다.	train
common_voice_en_19444918.mp3	Pop-ups are generally new web browser windows to display advertisements.	ae13a4a776cf3019e7003e952cb2def0333cc044ddab4e84c2d9e900baad18d586fac6fbd80404141c91b0accd3bab1dd663aa83b10a7de6ca3a1064e1a8a39e	팝업은 일반적으로 광고를 표시하기 위한 새로운 웹 브라우저 창입니다.	train
common_voice_en_19444919.mp3	In its protonated form, Eriochrome Black T is blue.	ae13a4a776cf3019e7003e952cb2def0333cc044ddab4e84c2d9e900baad18d586fac6fbd80404141c91b0accd3bab1dd663aa83b10a7de6ca3a1064e1a8a39e	양성자화된 형태의 에리오크롬 블랙 T는 파란색입니다.	train_covost
common_voice_en_19444920.mp3	ActiveMovie was released as a free download, either standalone or bundled with Internet Explorer.	ae13a4a776cf3019e7003e952cb2def0333cc044ddab4e84c2d9e900baad18d586fac6fbd80404141c91b0accd3bab1dd663aa83b10a7de6ca3a1064e1a8a39e	ActiveMovie는 독립형 또는 Internet Explorer와 함께 번들로 제공되는 무료 다운로드 형태로 출시되었습니다.	train_covost
common_voice_en_19444921.mp3	It is primarily a rural district.	ae13a4a776cf3019e7003e952cb2def0333cc044ddab4e84c2d9e900baad18d586fac6fbd80404141c91b0accd3bab1dd663aa83b10a7de6ca3a1064e1a8a39e	주로 시골 지역입니다.	train
common_voice_en_19444922.mp3	Some wear longer-length prairie skirts with a slip or underskirt to preserve their modesty.	ae13a4a776cf3019e7003e952cb2def0333cc044ddab4e84c2d9e900baad18d586fac6fbd80404141c91b0accd3bab1dd663aa83b10a7de6ca3a1064e1a8a39e	일부는 정숙함을 유지하기 위해 슬립이나 언더커트가 달린 긴 길이의 프레리 스커트를 입기도 합니다.	train
common_voice_en_19444923.mp3	"There is traditional food called ""lotus cake""."	ae13a4a776cf3019e7003e952cb2def0333cc044ddab4e84c2d9e900baad18d586fac6fbd80404141c91b0accd3bab1dd663aa83b10a7de6ca3a1064e1a8a39e	'연꽃 케이크'라는 전통 음식이 있습니다.	train
common_voice_en_19444924.mp3	"He did his schooling from Saint Columba's in New Delhi."	ae13a4a776cf3019e7003e952cb2def0333cc044ddab4e84c2d9e900baad18d586fac6fbd80404141c91b0accd3bab1dd663aa83b10a7de6ca3a1064e1a8a39e	그는 뉴델리에 있는 세인트 콜롬바에서 학교를 다녔습니다.	train
common_voice_en_19444925.mp3	"Duckbill flash suppressors have upper and lower ""prongs"" and direct gases to the sides."	ae13a4a776cf3019e7003e952cb2def0333cc044ddab4e84c2d9e900baad18d586fac6fbd80404141c91b0accd3bab1dd663aa83b10a7de6ca3a1064e1a8a39e	덕빌 플래시 억제기는 상단과 하단에 "프롱"이 있으며 가스를 측면으로 직접 분사합니다.	train
common_voice_en_19444926.mp3	The first elections for the local council were held.	ae13a4a776cf3019e7003e952cb2def0333cc044ddab4e84c2d9e900baad18d586fac6fbd80404141c91b0accd3bab1dd663aa83b10a7de6ca3a1064e1a8a39e	첫 지방의회 선거가 치러졌습니다.	train
common_voice_en_19444927.mp3	The mixtape received general acclaim among music critics, despite not being an official release.	ae13a4a776cf3019e7003e952cb2def0333cc044ddab4e84c2d9e900baad18d586fac6fbd80404141c91b0accd3bab1dd663aa83b10a7de6ca3a1064e1a8a39e	이 믹스테이프는 정식 발매가 되지 않았음에도 불구하고 음악 평론가들 사이에서 호평을 받았습니다.	train
common_voice_en_19444928.mp3	It was very windy and I had a hard time keeping my easel up.	ae13a4a776cf3019e7003e952cb2def0333cc044ddab4e84c2d9e900baad18d586fac6fbd80404141c91b0accd3bab1dd663aa83b10a7de6ca3a1064e1a8a39e	바람이 많이 불어서 이젤을 세우는 데 어려움을 겪었습니다.	train
common_voice_en_19444929.mp3	When the shoes warmed up, they contracted, crushing the feet inside them to stumps.	ae13a4a776cf3019e7003e952cb2def0333cc044ddab4e84c2d9e900baad18d586fac6fbd80404141c91b0accd3bab1dd663aa83b10a7de6ca3a1064e1a8a39e	신발이 따뜻해지면 신발이 수축하여 신발 안쪽의 발이 뭉개졌습니다.	train
common_voice_en_19444930.mp3	The book also includes detailed drawings of huts, buildings, trees, caves, and ships.	ae13a4a776cf3019e7003e952cb2def0333cc044ddab4e84c2d9e900baad18d586fac6fbd80404141c91b0accd3bab1dd663aa83b10a7de6ca3a1064e1a8a39e	이 책에는 오두막, 건물, 나무, 동굴, 배의 상세한 그림도 포함되어 있습니다.	train
common_voice_en_19444936.mp3	"Cotton's skill lay in finding, purchasing and preserving these ancient documents."	ae13a4a776cf3019e7003e952cb2def0333cc044ddab4e84c2d9e900baad18d586fac6fbd80404141c91b0accd3bab1dd663aa83b10a7de6ca3a1064e1a8a39e	Cotton은 이러한 고대 문서를 찾고, 구매하고, 보존하는 데 탁월한 능력을 발휘했습니다.	train
common_voice_en_19444937.mp3	Pasquale never married and as far as is known had no heirs.	ae13a4a776cf3019e7003e952cb2def0333cc044ddab4e84c2d9e900baad18d586fac6fbd80404141c91b0accd3bab1dd663aa83b10a7de6ca3a1064e1a8a39e	파스콸레는 결혼한 적이 없으며 알려진 바로는 상속인도 없었습니다.	train
common_voice_en_19444938.mp3	The Council had soared to its power.	ae13a4a776cf3019e7003e952cb2def0333cc044ddab4e84c2d9e900baad18d586fac6fbd80404141c91b0accd3bab1dd663aa83b10a7de6ca3a1064e1a8a39e	의회는 그 위세가 하늘을 찌를 듯이 치솟았습니다.	train
common_voice_en_19444939.mp3	It is the southern extremity of the electrified Sydney Trains network.	ae13a4a776cf3019e7003e952cb2def0333cc044ddab4e84c2d9e900baad18d586fac6fbd80404141c91b0accd3bab1dd663aa83b10a7de6ca3a1064e1a8a39e	이곳은 전기로 운행되는 시드니 기차 네트워크의 남쪽 끝 지점입니다.	train
common_voice_en_19444940.mp3	After that time, the dam was no longer maintained.	ae13a4a776cf3019e7003e952cb2def0333cc044ddab4e84c2d9e900baad18d586fac6fbd80404141c91b0accd3bab1dd663aa83b10a7de6ca3a1064e1a8a39e	그 후 댐은 더 이상 유지되지 않았습니다.	train
common_voice_en_19444941.mp3	It is located south of the city.	ae13a4a776cf3019e7003e952cb2def0333cc044ddab4e84c2d9e900baad18d586fac6fbd80404141c91b0accd3bab1dd663aa83b10a7de6ca3a1064e1a8a39e	도시 남쪽에 위치해 있습니다.	train
common_voice_en_19444942.mp3	"Bardon's training system is comprehensive."	ae13a4a776cf3019e7003e952cb2def0333cc044ddab4e84c2d9e900baad18d586fac6fbd80404141c91b0accd3bab1dd663aa83b10a7de6ca3a1064e1a8a39e	Bardon의 교육 시스템은 포괄적입니다.	train
common_voice_en_19444943.mp3	"The songs showcased Lithman's distinctive slide guitar playing and often surreal imagery."	ae13a4a776cf3019e7003e952cb2def0333cc044ddab4e84c2d9e900baad18d586fac6fbd80404141c91b0accd3bab1dd663aa83b10a7de6ca3a1064e1a8a39e	이 곡들은 리트먼의 독특한 슬라이드 기타 연주와 종종 초현실적인 이미지를 선보였습니다.	train
common_voice_en_19444944.mp3	A pilot with this permit may also act as pilot of an ultra-light aeroplane.	ae13a4a776cf3019e7003e952cb2def0333cc044ddab4e84c2d9e900baad18d586fac6fbd80404141c91b0accd3bab1dd663aa83b10a7de6ca3a1064e1a8a39e	이 면허를 소지한 조종사는 초경량 비행기의 조종사로도 활동할 수 있습니다.	train
common_voice_en_19444945.mp3	Brazil regularly extends export credits and university scholarships to its Latin American neighbors.	ae13a4a776cf3019e7003e952cb2def0333cc044ddab4e84c2d9e900baad18d586fac6fbd80404141c91b0accd3bab1dd663aa83b10a7de6ca3a1064e1a8a39e	브라질은 정기적으로 라틴 아메리카 이웃 국가에 수출 크레딧과 대학 장학금을 제공하고 있습니다.	train
common_voice_en_19444946.mp3	The bispectral index is a statistically based, empirically derived complex parameter.	ae13a4a776cf3019e7003e952cb2def0333cc044ddab4e84c2d9e900baad18d586fac6fbd80404141c91b0accd3bab1dd663aa83b10a7de6ca3a1064e1a8a39e	바이스펙트럼 지수는 통계에 기반하여 경험적으로 도출된 복잡한 매개변수입니다.	train
common_voice_en_19444947.mp3	"During Hoan's administration, Milwaukee implemented the first public bus system in the United States."	ae13a4a776cf3019e7003e952cb2def0333cc044ddab4e84c2d9e900baad18d586fac6fbd80404141c91b0accd3bab1dd663aa83b10a7de6ca3a1064e1a8a39e	호안의 행정부 시절 밀워키는 미국 최초로 공공 버스 시스템을 도입했습니다.	train
common_voice_en_19444948.mp3	He was buried on the south side of Tewkesbury Abbey, under an arch.	ae13a4a776cf3019e7003e952cb2def0333cc044ddab4e84c2d9e900baad18d586fac6fbd80404141c91b0accd3bab1dd663aa83b10a7de6ca3a1064e1a8a39e	그는 트크스베리 수도원 남쪽에 있는 아치 아래에 묻혔습니다.	train
common_voice_en_19444949.mp3	"In both instances, the game is commonly referred to as ""Casino Stud Poker""."	ae13a4a776cf3019e7003e952cb2def0333cc044ddab4e84c2d9e900baad18d586fac6fbd80404141c91b0accd3bab1dd663aa83b10a7de6ca3a1064e1a8a39e	두 경우 모두, 이 게임은 일반적으로 "카지노 스터드 포커"라고 불립니다.	train
common_voice_en_19444950.mp3	The society consisted of students and dons, among them Tolkien and Lewis.	ae13a4a776cf3019e7003e952cb2def0333cc044ddab4e84c2d9e900baad18d586fac6fbd80404141c91b0accd3bab1dd663aa83b10a7de6ca3a1064e1a8a39e	이 학회는 톨킨과 루이스를 비롯한 학생과 돈으로 구성되었습니다.	train
common_voice_en_19444951.mp3	"It was a more anarchic and subversive prototype for the later-founded ""Wired"" magazine."	ae13a4a776cf3019e7003e952cb2def0333cc044ddab4e84c2d9e900baad18d586fac6fbd80404141c91b0accd3bab1dd663aa83b10a7de6ca3a1064e1a8a39e	이 잡지는 나중에 창간된 "Wired" 잡지의 보다 무정부적이고 전복적인 프로토타입이었습니다.	train
common_voice_en_19444952.mp3	Windy and Carl have been a mainstay of the various Terrastock music festivals.	ae13a4a776cf3019e7003e952cb2def0333cc044ddab4e84c2d9e900baad18d586fac6fbd80404141c91b0accd3bab1dd663aa83b10a7de6ca3a1064e1a8a39e	윈디와 칼은 다양한 테라스톡 음악 페스티벌의 주축을 담당해 왔습니다.	train
common_voice_en_19444953.mp3	In cytology, it may refer to the cytosol or protoplasm.	ae13a4a776cf3019e7003e952cb2def0333cc044ddab4e84c2d9e900baad18d586fac6fbd80404141c91b0accd3bab1dd663aa83b10a7de6ca3a1064e1a8a39e	세포학에서는 세포질 또는 원형질을 의미할 수 있습니다.	train
common_voice_en_19444954.mp3	Whilst in pursuit of the doctor his space-bus crashes in a small Swedish town.	ae13a4a776cf3019e7003e952cb2def0333cc044ddab4e84c2d9e900baad18d586fac6fbd80404141c91b0accd3bab1dd663aa83b10a7de6ca3a1064e1a8a39e	의사를 쫓던 우주버스가 스웨덴의 작은 마을에 추락합니다.	train
common_voice_en_19444955.mp3	Stuart Blumberg is attached to direct the film adaptation.	ae13a4a776cf3019e7003e952cb2def0333cc044ddab4e84c2d9e900baad18d586fac6fbd80404141c91b0accd3bab1dd663aa83b10a7de6ca3a1064e1a8a39e	스튜어트 블룸버그가 영화 각색 감독을 맡았습니다.	train
common_voice_en_19444956.mp3	He remained in the Capitals organization after his playing career ended.	ae13a4a776cf3019e7003e952cb2def0333cc044ddab4e84c2d9e900baad18d586fac6fbd80404141c91b0accd3bab1dd663aa83b10a7de6ca3a1064e1a8a39e	그는 선수 생활이 끝난 후에도 캐피털스 조직에 남아있었습니다.	train
common_voice_en_19444957.mp3	The prisoners were used to construct roads, railways and subterranean tunnels.	ae13a4a776cf3019e7003e952cb2def0333cc044ddab4e84c2d9e900baad18d586fac6fbd80404141c91b0accd3bab1dd663aa83b10a7de6ca3a1064e1a8a39e	포로들은 도로, 철도, 지하 터널을 건설하는 데 사용되었습니다.	train
common_voice_en_19444958.mp3	Admiral Alynna Nechayev arrives to take command of the situation.	ae13a4a776cf3019e7003e952cb2def0333cc044ddab4e84c2d9e900baad18d586fac6fbd80404141c91b0accd3bab1dd663aa83b10a7de6ca3a1064e1a8a39e	알리나 네차예프 제독이 상황을 지휘하기 위해 도착합니다.	train
common_voice_en_19444959.mp3	"This period is known as the ""First Rock Era of Cyprus""."	ae13a4a776cf3019e7003e952cb2def0333cc044ddab4e84c2d9e900baad18d586fac6fbd80404141c91b0accd3bab1dd663aa83b10a7de6ca3a1064e1a8a39e	이 시기는 "키프로스의 첫 번째 암석 시대"로 알려져 있습니다.	train
common_voice_en_19444960.mp3	Its principal remaining cities were Dresden, Leipzig, Chemnitz, and Plauen.	ae13a4a776cf3019e7003e952cb2def0333cc044ddab4e84c2d9e900baad18d586fac6fbd80404141c91b0accd3bab1dd663aa83b10a7de6ca3a1064e1a8a39e	남은 주요 도시로는 드레스덴, 라이프치히, 켐니츠, 플라우엔이 있습니다.	train
common_voice_en_19444961.mp3	Throughout most of their history, face cards were not reversible.	ae13a4a776cf3019e7003e952cb2def0333cc044ddab4e84c2d9e900baad18d586fac6fbd80404141c91b0accd3bab1dd663aa83b10a7de6ca3a1064e1a8a39e	대부분의 역사에서 페이스 카드는 되돌릴 수 없었습니다.	train
common_voice_en_19444962.mp3	Kim posed topless for a cell phone ad campaign in South Korea.	ae13a4a776cf3019e7003e952cb2def0333cc044ddab4e84c2d9e900baad18d586fac6fbd80404141c91b0accd3bab1dd663aa83b10a7de6ca3a1064e1a8a39e	김연아는 한국에서 휴대폰 광고 캠페인을 위해 상의를 탈의한 채 포즈를 취했습니다.	train
common_voice_en_19444963.mp3	Held together with mortar, many of the walls still stand.	ae13a4a776cf3019e7003e952cb2def0333cc044ddab4e84c2d9e900baad18d586fac6fbd80404141c91b0accd3bab1dd663aa83b10a7de6ca3a1064e1a8a39e	모르타르로 단단히 고정된 많은 벽이 여전히 서 있습니다.	train
common_voice_en_19444964.mp3	The Montour Trail, a recreational rail-trail, extends from Clairton to Coraopolis, Pennsylvania.	ae13a4a776cf3019e7003e952cb2def0333cc044ddab4e84c2d9e900baad18d586fac6fbd80404141c91b0accd3bab1dd663aa83b10a7de6ca3a1064e1a8a39e	레크리에이션 레일 트레일인 몽투어 트레일은 클레어턴에서 펜실베이니아주 코라오폴리스까지 이어져 있어요.	train
common_voice_en_19444965.mp3	Each note is attached to one person.	ae13a4a776cf3019e7003e952cb2def0333cc044ddab4e84c2d9e900baad18d586fac6fbd80404141c91b0accd3bab1dd663aa83b10a7de6ca3a1064e1a8a39e	각 노트는 한 사람에게 첨부됩니다.	train
common_voice_en_19449958.mp3	The effort was led by Max Henius, a Danish-American biochemist.	ae13a4a776cf3019e7003e952cb2def0333cc044ddab4e84c2d9e900baad18d586fac6fbd80404141c91b0accd3bab1dd663aa83b10a7de6ca3a1064e1a8a39e	이 노력은 덴마크계 미국인 생화학자 맥스 헤니우스가 주도했습니다.	train
common_voice_en_19449959.mp3	Lord Silkin of Dulwich was the father of Christopher Silkin, disclaimed third Baron Silkin.	ae13a4a776cf3019e7003e952cb2def0333cc044ddab4e84c2d9e900baad18d586fac6fbd80404141c91b0accd3bab1dd663aa83b10a7de6ca3a1064e1a8a39e	둘리치의 실킨 경은 실킨 남작의 세 번째 부인인 크리스토퍼 실킨의 아버지입니다.	train_covost
common_voice_en_19449960.mp3	He chaired the Chiefs of Staff and was a major decision-maker during the war.	ae13a4a776cf3019e7003e952cb2def0333cc044ddab4e84c2d9e900baad18d586fac6fbd80404141c91b0accd3bab1dd663aa83b10a7de6ca3a1064e1a8a39e	그는 참모총장을 지냈으며 전쟁 중 주요 의사 결정권자였습니다.	train
common_voice_en_19449961.mp3	He is also remembered today for his contributions as an editor.	ae13a4a776cf3019e7003e952cb2def0333cc044ddab4e84c2d9e900baad18d586fac6fbd80404141c91b0accd3bab1dd663aa83b10a7de6ca3a1064e1a8a39e	그는 오늘날 편집자로서의 공헌으로도 기억되고 있습니다.	train
common_voice_en_19449962.mp3	"""We just bought the name,"" Kassar later told ""Entertainment Weekly""."	ae13a4a776cf3019e7003e952cb2def0333cc044ddab4e84c2d9e900baad18d586fac6fbd80404141c91b0accd3bab1dd663aa83b10a7de6ca3a1064e1a8a39e	"우리는 단지 그 이름을 샀을 뿐입니다."라고 카사는 나중에 ‘엔터테인먼트 위클리’와의 인터뷰에서 말했습니다."	train
common_voice_en_19449968.mp3	Rules, ball types, pit surfaces, and pit sizes can vary widely at different venues.	ae13a4a776cf3019e7003e952cb2def0333cc044ddab4e84c2d9e900baad18d586fac6fbd80404141c91b0accd3bab1dd663aa83b10a7de6ca3a1064e1a8a39e	규칙, 공의 종류, 구장 표면, 구장 크기는 경기장마다 크게 다를 수 있습니다.	train_covost
common_voice_en_19449969.mp3	Due to the limitations of requirements and resources, the tank was a functional failure.	ae13a4a776cf3019e7003e952cb2def0333cc044ddab4e84c2d9e900baad18d586fac6fbd80404141c91b0accd3bab1dd663aa83b10a7de6ca3a1064e1a8a39e	요구 사항과 자원의 한계로 인해 탱크는 기능적으로 실패했습니다.	train
common_voice_en_19449970.mp3	Richards also proposed the tension plate apparatus for determining capillary potential in soil.	ae13a4a776cf3019e7003e952cb2def0333cc044ddab4e84c2d9e900baad18d586fac6fbd80404141c91b0accd3bab1dd663aa83b10a7de6ca3a1064e1a8a39e	Richards는 토양의 모세관 전위를 측정하기 위한 장력판 장치도 제안했습니다.	train_covost
common_voice_en_19449971.mp3	She resigned shortly afterwards.	ae13a4a776cf3019e7003e952cb2def0333cc044ddab4e84c2d9e900baad18d586fac6fbd80404141c91b0accd3bab1dd663aa83b10a7de6ca3a1064e1a8a39e	얼마 지나지 않아 사임했습니다.	train
common_voice_en_19449972.mp3	"His exchanges with William Shatner and other ""Star Trek"" actors have received media coverage."	ae13a4a776cf3019e7003e952cb2def0333cc044ddab4e84c2d9e900baad18d586fac6fbd80404141c91b0accd3bab1dd663aa83b10a7de6ca3a1064e1a8a39e	윌리엄 샤트너를 비롯한 다른 '스타트렉' 배우들과의 교류는 언론의 주목을 받았습니다.	train
common_voice_en_19449973.mp3	"More abuse of power and complex love relationships exacerbate her disillusion with Mao's system."	ae13a4a776cf3019e7003e952cb2def0333cc044ddab4e84c2d9e900baad18d586fac6fbd80404141c91b0accd3bab1dd663aa83b10a7de6ca3a1064e1a8a39e	권력 남용과 복잡한 연애 관계는 마오 체제에 대한 그녀의 환멸을 더욱 악화시켰습니다.	train
common_voice_en_19449974.mp3	It has since been demolished to make way for new factories.	ae13a4a776cf3019e7003e952cb2def0333cc044ddab4e84c2d9e900baad18d586fac6fbd80404141c91b0accd3bab1dd663aa83b10a7de6ca3a1064e1a8a39e	이후 이 건물은 새로운 공장을 짓기 위해 철거되었습니다.	train
common_voice_en_19449976.mp3	This caused a little problem in understanding malaria epidemiology for some time.	ae13a4a776cf3019e7003e952cb2def0333cc044ddab4e84c2d9e900baad18d586fac6fbd80404141c91b0accd3bab1dd663aa83b10a7de6ca3a1064e1a8a39e	이로 인해 한동안 말라리아 역학을 이해하는 데 약간의 문제가 발생했습니다.	train_covost
common_voice_en_19449977.mp3	Reliance Capital offers a range of financial services in many business lines.	ae13a4a776cf3019e7003e952cb2def0333cc044ddab4e84c2d9e900baad18d586fac6fbd80404141c91b0accd3bab1dd663aa83b10a7de6ca3a1064e1a8a39e	릴라이언스 캐피탈은 여러 사업 분야에서 다양한 금융 서비스를 제공합니다.	train_covost
common_voice_en_19449983.mp3	Once I was somewhere and then I was here, and everything had vanished.	ae13a4a776cf3019e7003e952cb2def0333cc044ddab4e84c2d9e900baad18d586fac6fbd80404141c91b0accd3bab1dd663aa83b10a7de6ca3a1064e1a8a39e	어딘가에 있다가 여기 왔는데 모든 것이 사라져 버렸어요.	train
common_voice_en_19449984.mp3	However, it may happen that an algebra admits no involution at all.	ae13a4a776cf3019e7003e952cb2def0333cc044ddab4e84c2d9e900baad18d586fac6fbd80404141c91b0accd3bab1dd663aa83b10a7de6ca3a1064e1a8a39e	그러나 대수학은 진화를 전혀 인정하지 않을 수도 있습니다.	train
common_voice_en_19449985.mp3	It has a politically conservative leaning.	ae13a4a776cf3019e7003e952cb2def0333cc044ddab4e84c2d9e900baad18d586fac6fbd80404141c91b0accd3bab1dd663aa83b10a7de6ca3a1064e1a8a39e	정치적으로 보수적인 성향이 강합니다.	train
common_voice_en_19449986.mp3	Lowther, Fostex, and Goodmans are firms which have produced such designs.	ae13a4a776cf3019e7003e952cb2def0333cc044ddab4e84c2d9e900baad18d586fac6fbd80404141c91b0accd3bab1dd663aa83b10a7de6ca3a1064e1a8a39e	로더, 포스텍스, 굿맨스는 이러한 디자인을 제작하는 회사입니다.	train
common_voice_en_19449987.mp3	Many parts of the battery were demolished and gun positions filled in.	ae13a4a776cf3019e7003e952cb2def0333cc044ddab4e84c2d9e900baad18d586fac6fbd80404141c91b0accd3bab1dd663aa83b10a7de6ca3a1064e1a8a39e	포대의 많은 부분이 철거되고 포의 위치가 채워졌습니다.	train
common_voice_en_19453395.mp3	It however is not a Strange Fruit release.	ae13a4a776cf3019e7003e952cb2def0333cc044ddab4e84c2d9e900baad18d586fac6fbd80404141c91b0accd3bab1dd663aa83b10a7de6ca3a1064e1a8a39e	하지만 이상한 과일 출시는 아닙니다.	train
common_voice_en_19453396.mp3	"The episode ""The Mystic Isles"" features winged unicorns."	ae13a4a776cf3019e7003e952cb2def0333cc044ddab4e84c2d9e900baad18d586fac6fbd80404141c91b0accd3bab1dd663aa83b10a7de6ca3a1064e1a8a39e	에피소드 '신비한 섬'에는 날개 달린 유니콘이 등장합니다.	train_covost
common_voice_en_19453397.mp3	Restoration was hampered by the lack of access by road.	ae13a4a776cf3019e7003e952cb2def0333cc044ddab4e84c2d9e900baad18d586fac6fbd80404141c91b0accd3bab1dd663aa83b10a7de6ca3a1064e1a8a39e	도로 접근성이 부족하여 복구에 어려움을 겪었습니다.	train
common_voice_en_19453398.mp3	His other work included textbooks, articles in periodicals and introductions in literary anthologies.	ae13a4a776cf3019e7003e952cb2def0333cc044ddab4e84c2d9e900baad18d586fac6fbd80404141c91b0accd3bab1dd663aa83b10a7de6ca3a1064e1a8a39e	그의 다른 작업으로는 교과서, 정기 간행물 기사, 문학 선집의 소개 등이 있습니다.	train
common_voice_en_19453399.mp3	"""Do the Whirlwind"" has an animated music video in a bizarre video game format."	ae13a4a776cf3019e7003e952cb2def0333cc044ddab4e84c2d9e900baad18d586fac6fbd80404141c91b0accd3bab1dd663aa83b10a7de6ca3a1064e1a8a39e	"회오리바람을 일으키다"는 기괴한 비디오 게임 형식의 애니메이션 뮤직 비디오입니다."	train
common_voice_en_19453670.mp3	So we move on to the next order of operation, i.e., addition.	ae13a4a776cf3019e7003e952cb2def0333cc044ddab4e84c2d9e900baad18d586fac6fbd80404141c91b0accd3bab1dd663aa83b10a7de6ca3a1064e1a8a39e	이제 다음 연산 순서, 즉 덧셈으로 넘어갑니다.	train_covost
common_voice_en_19453671.mp3	A few hundred metres away, he jumped off while the bus continued in motion.	ae13a4a776cf3019e7003e952cb2def0333cc044ddab4e84c2d9e900baad18d586fac6fbd80404141c91b0accd3bab1dd663aa83b10a7de6ca3a1064e1a8a39e	수백 미터 떨어진 곳에서 버스가 계속 달리는 동안 그는 뛰어내렸습니다.	train_covost
common_voice_en_19453673.mp3	Many hotels throughout the United States cater to either tourists or residents.	ae13a4a776cf3019e7003e952cb2def0333cc044ddab4e84c2d9e900baad18d586fac6fbd80404141c91b0accd3bab1dd663aa83b10a7de6ca3a1064e1a8a39e	미국 전역의 많은 호텔이 관광객이나 거주민을 위한 숙소를 제공합니다.	train
common_voice_en_19453674.mp3	We do not restrict membership to other communities.	ae13a4a776cf3019e7003e952cb2def0333cc044ddab4e84c2d9e900baad18d586fac6fbd80404141c91b0accd3bab1dd663aa83b10a7de6ca3a1064e1a8a39e	다른 커뮤니티의 회원 자격을 제한하지 않습니다.	train
common_voice_en_19468113.mp3	While technically possible, the assassination tool as discussed in the novel is presumably fictional.	ae13a4a776cf3019e7003e952cb2def0333cc044ddab4e84c2d9e900baad18d586fac6fbd80404141c91b0accd3bab1dd663aa83b10a7de6ca3a1064e1a8a39e	기술적으로는 가능하지만 소설에서 언급된 암살 도구는 가상의 것으로 추정됩니다.	train_covost
common_voice_en_19468114.mp3	The inner walls of the rim display several terraces, particularly to the southeast.	ae13a4a776cf3019e7003e952cb2def0333cc044ddab4e84c2d9e900baad18d586fac6fbd80404141c91b0accd3bab1dd663aa83b10a7de6ca3a1064e1a8a39e	림의 내벽에는 특히 남동쪽에 여러 개의 테라스가 있습니다.	train_covost
common_voice_en_19468115.mp3	I love dearly to hear people describe their travels.	ae13a4a776cf3019e7003e952cb2def0333cc044ddab4e84c2d9e900baad18d586fac6fbd80404141c91b0accd3bab1dd663aa83b10a7de6ca3a1064e1a8a39e	저는 사람들의 여행 이야기를 듣는 것을 정말 좋아합니다.	train
common_voice_en_19468116.mp3	Over-collection is now threatening the species.	ae13a4a776cf3019e7003e952cb2def0333cc044ddab4e84c2d9e900baad18d586fac6fbd80404141c91b0accd3bab1dd663aa83b10a7de6ca3a1064e1a8a39e	과도한 수집이 이제 이 종을 위협하고 있습니다.	train_covost
common_voice_en_19468117.mp3	Regula was also a Congressional leader in alternative energy sources.	ae13a4a776cf3019e7003e952cb2def0333cc044ddab4e84c2d9e900baad18d586fac6fbd80404141c91b0accd3bab1dd663aa83b10a7de6ca3a1064e1a8a39e	레귤라는 대체 에너지원 분야의 의회 리더이기도 했습니다.	train_covost
common_voice_en_19468642.mp3	Enterprise models differ in having Capacity on Demand capabilities.	ae13a4a776cf3019e7003e952cb2def0333cc044ddab4e84c2d9e900baad18d586fac6fbd80404141c91b0accd3bab1dd663aa83b10a7de6ca3a1064e1a8a39e	엔터프라이즈 모델에는 주문형 용량 기능이 있다는 점에서 차이가 있습니다.	train_covost
common_voice_en_19468643.mp3	He travelled widely, particularly in the United States.	ae13a4a776cf3019e7003e952cb2def0333cc044ddab4e84c2d9e900baad18d586fac6fbd80404141c91b0accd3bab1dd663aa83b10a7de6ca3a1064e1a8a39e	그는 특히 미국을 중심으로 폭넓게 여행했습니다.	train
common_voice_en_19468644.mp3	At the time of his death, he was the oldest-living former Coast Guard Commandant.	ae13a4a776cf3019e7003e952cb2def0333cc044ddab4e84c2d9e900baad18d586fac6fbd80404141c91b0accd3bab1dd663aa83b10a7de6ca3a1064e1a8a39e	사망 당시 그는 현존하는 전직 해안경비대 사령관 중 최고령자였습니다.	train_covost
common_voice_en_19468645.mp3	She pledged to reduce the burden of the American military presence in Okinawa.	ae13a4a776cf3019e7003e952cb2def0333cc044ddab4e84c2d9e900baad18d586fac6fbd80404141c91b0accd3bab1dd663aa83b10a7de6ca3a1064e1a8a39e	그녀는 오키나와에 주둔하는 미군의 부담을 줄이겠다고 약속했습니다.	train_covost
common_voice_en_19468646.mp3	It is primarily used for ice hockey, and is the home arena of Lukko.	ae13a4a776cf3019e7003e952cb2def0333cc044ddab4e84c2d9e900baad18d586fac6fbd80404141c91b0accd3bab1dd663aa83b10a7de6ca3a1064e1a8a39e	주로 아이스하키에 사용되며 루코의 홈 경기장입니다.	train
common_voice_en_19468647.mp3	Gouri studied literature at the Hebrew University of Jerusalem and the Sorbonne in Paris.	ae13a4a776cf3019e7003e952cb2def0333cc044ddab4e84c2d9e900baad18d586fac6fbd80404141c91b0accd3bab1dd663aa83b10a7de6ca3a1064e1a8a39e	구리는 예루살렘 히브리대학교와 파리 소르본느에서 문학을 공부했습니다.	train
common_voice_en_19468648.mp3	Raeburn and Weyhill operated separately but shared the playing field between them.	ae13a4a776cf3019e7003e952cb2def0333cc044ddab4e84c2d9e900baad18d586fac6fbd80404141c91b0accd3bab1dd663aa83b10a7de6ca3a1064e1a8a39e	래번과 웨이힐은 별도로 운영되었지만 서로의 경기장을 공유했습니다.	train
common_voice_en_19468649.mp3	One possible solution would be to spread the Hajj over a longer period.	ae13a4a776cf3019e7003e952cb2def0333cc044ddab4e84c2d9e900baad18d586fac6fbd80404141c91b0accd3bab1dd663aa83b10a7de6ca3a1064e1a8a39e	한 가지 가능한 해결책은 하즈를 장기간에 걸쳐 분산하는 것입니다.	train
common_voice_en_19468650.mp3	It is found on the instrument console of most automobiles.	ae13a4a776cf3019e7003e952cb2def0333cc044ddab4e84c2d9e900baad18d586fac6fbd80404141c91b0accd3bab1dd663aa83b10a7de6ca3a1064e1a8a39e	대부분의 자동차의 계기판에서 찾을 수 있습니다.	train
common_voice_en_19468651.mp3	It operated charter services to sun and ski destinations throughout Europe.	ae13a4a776cf3019e7003e952cb2def0333cc044ddab4e84c2d9e900baad18d586fac6fbd80404141c91b0accd3bab1dd663aa83b10a7de6ca3a1064e1a8a39e	유럽 전역의 태양 및 스키 여행지로 전세 서비스를 운영했습니다.	train
common_voice_en_19468652.mp3	They were to arrest all fugitives from justice in the Cherokee Nation.	ae13a4a776cf3019e7003e952cb2def0333cc044ddab4e84c2d9e900baad18d586fac6fbd80404141c91b0accd3bab1dd663aa83b10a7de6ca3a1064e1a8a39e	그들은 체로키 부족의 모든 도망자를 체포해야 했습니다.	train
common_voice_en_19468653.mp3	You are not free from the toils of the law yourself!	ae13a4a776cf3019e7003e952cb2def0333cc044ddab4e84c2d9e900baad18d586fac6fbd80404141c91b0accd3bab1dd663aa83b10a7de6ca3a1064e1a8a39e	여러분도 법의 수고로부터 자유롭지 않습니다!	train
common_voice_en_19468654.mp3	They expected Simon to lay down his weapons in exchange for her freedom.	ae13a4a776cf3019e7003e952cb2def0333cc044ddab4e84c2d9e900baad18d586fac6fbd80404141c91b0accd3bab1dd663aa83b10a7de6ca3a1064e1a8a39e	그들은 사이먼이 자유를 얻는 대가로 무기를 내려놓을 것으로 기대했습니다.	train
common_voice_en_19468655.mp3	Service on Christmas Day is free of charge.	ae13a4a776cf3019e7003e952cb2def0333cc044ddab4e84c2d9e900baad18d586fac6fbd80404141c91b0accd3bab1dd663aa83b10a7de6ca3a1064e1a8a39e	크리스마스 당일 서비스는 무료입니다.	train
common_voice_en_19468656.mp3	In the Republic, legions had an ephemeral existence.	ae13a4a776cf3019e7003e952cb2def0333cc044ddab4e84c2d9e900baad18d586fac6fbd80404141c91b0accd3bab1dd663aa83b10a7de6ca3a1064e1a8a39e	공화국에서 군단은 일시적으로 존재했습니다.	train
common_voice_en_19485222.mp3	I never do; you are the one for that.	ae13a4a776cf3019e7003e952cb2def0333cc044ddab4e84c2d9e900baad18d586fac6fbd80404141c91b0accd3bab1dd663aa83b10a7de6ca3a1064e1a8a39e	저는 그런 적이 없으니까요.	train
common_voice_en_19485223.mp3	Highly changing surface processes are suspected to be responsible for the observed behavior.	ae13a4a776cf3019e7003e952cb2def0333cc044ddab4e84c2d9e900baad18d586fac6fbd80404141c91b0accd3bab1dd663aa83b10a7de6ca3a1064e1a8a39e	변화가 심한 표면 프로세스가 관찰된 동작의 원인으로 의심됩니다.	train
common_voice_en_19485224.mp3	Her next job was at As the World Turns.	ae13a4a776cf3019e7003e952cb2def0333cc044ddab4e84c2d9e900baad18d586fac6fbd80404141c91b0accd3bab1dd663aa83b10a7de6ca3a1064e1a8a39e	다음 직장은 As the World Turns에서 일했습니다.	train_covost
common_voice_en_19485225.mp3	Let me take your things.	ae13a4a776cf3019e7003e952cb2def0333cc044ddab4e84c2d9e900baad18d586fac6fbd80404141c91b0accd3bab1dd663aa83b10a7de6ca3a1064e1a8a39e	물건을 가져가겠습니다.	train
common_voice_en_19485226.mp3	Nevertheless, a growing share of its sales is in on-cask form.	ae13a4a776cf3019e7003e952cb2def0333cc044ddab4e84c2d9e900baad18d586fac6fbd80404141c91b0accd3bab1dd663aa83b10a7de6ca3a1064e1a8a39e	그럼에도 불구하고 매출의 점점 더 많은 부분이 온캐스크 형태로 이루어지고 있습니다.	train
common_voice_en_19485227.mp3	"Following its home video release, ""Brawl in the Family"" received negative reviews from critics."	ae13a4a776cf3019e7003e952cb2def0333cc044ddab4e84c2d9e900baad18d586fac6fbd80404141c91b0accd3bab1dd663aa83b10a7de6ca3a1064e1a8a39e	'브롤 인 더 패밀리'는 홈 비디오 개봉 후 평론가들로부터 부정적인 평가를 받았습니다.	train
common_voice_en_19485228.mp3	They will drive out good ideas.	ae13a4a776cf3019e7003e952cb2def0333cc044ddab4e84c2d9e900baad18d586fac6fbd80404141c91b0accd3bab1dd663aa83b10a7de6ca3a1064e1a8a39e	좋은 아이디어를 이끌어낼 것입니다.	train
common_voice_en_19485229.mp3	These formulas are for single-frequency sine waves or narrowband signals.	ae13a4a776cf3019e7003e952cb2def0333cc044ddab4e84c2d9e900baad18d586fac6fbd80404141c91b0accd3bab1dd663aa83b10a7de6ca3a1064e1a8a39e	이 공식은 단일 주파수 사인파 또는 협대역 신호에 대한 것입니다.	train
common_voice_en_19485230.mp3	Sandstone and limestone are among his most frequent mediums.	ae13a4a776cf3019e7003e952cb2def0333cc044ddab4e84c2d9e900baad18d586fac6fbd80404141c91b0accd3bab1dd663aa83b10a7de6ca3a1064e1a8a39e	사암과 석회암은 그가 가장 자주 사용하는 매체 중 하나입니다.	train
common_voice_en_19485231.mp3	She moved to Huntington, West Virginia, native home of her husband.	ae13a4a776cf3019e7003e952cb2def0333cc044ddab4e84c2d9e900baad18d586fac6fbd80404141c91b0accd3bab1dd663aa83b10a7de6ca3a1064e1a8a39e	그녀는 남편의 고향인 웨스트버지니아주 헌팅턴으로 이사했습니다.	train
common_voice_en_19485232.mp3	She also had books of poetry published, and wrote an autobiography.	ae13a4a776cf3019e7003e952cb2def0333cc044ddab4e84c2d9e900baad18d586fac6fbd80404141c91b0accd3bab1dd663aa83b10a7de6ca3a1064e1a8a39e	시집도 출간했고 자서전도 썼습니다.	train
common_voice_en_19485233.mp3	Now Mir Jafar become an icon of treacherous persom in India.	ae13a4a776cf3019e7003e952cb2def0333cc044ddab4e84c2d9e900baad18d586fac6fbd80404141c91b0accd3bab1dd663aa83b10a7de6ca3a1064e1a8a39e	이제 미르 자파르는 인도에서 위험한 페르솜의 아이콘이 되었습니다.	train
common_voice_en_19485234.mp3	The next most important deity is the Earth Lord.	ae13a4a776cf3019e7003e952cb2def0333cc044ddab4e84c2d9e900baad18d586fac6fbd80404141c91b0accd3bab1dd663aa83b10a7de6ca3a1064e1a8a39e	그 다음으로 중요한 신은 대지의 군주입니다.	train
common_voice_en_19485235.mp3	"O'Connor refused saying Mr. Speaker, we have no intention of redrafting the agreement."	ae13a4a776cf3019e7003e952cb2def0333cc044ddab4e84c2d9e900baad18d586fac6fbd80404141c91b0accd3bab1dd663aa83b10a7de6ca3a1064e1a8a39e	오코너는 의장님, 우리는 합의문을 다시 작성할 의사가 없다고 거절했습니다.	train
common_voice_en_19485236.mp3	"If the star couldn't answer the clue within seven seconds, the contestant could answer."	ae13a4a776cf3019e7003e952cb2def0333cc044ddab4e84c2d9e900baad18d586fac6fbd80404141c91b0accd3bab1dd663aa83b10a7de6ca3a1064e1a8a39e	스타가 7초 이내에 힌트를 맞추지 못하면 참가자가 답을 맞출 수 있습니다.	train
common_voice_en_19485237.mp3	A day later, he played his final game.	ae13a4a776cf3019e7003e952cb2def0333cc044ddab4e84c2d9e900baad18d586fac6fbd80404141c91b0accd3bab1dd663aa83b10a7de6ca3a1064e1a8a39e	하루 뒤, 그는 마지막 경기를 치렀습니다.	train
common_voice_en_19485238.mp3	His brother Nathanial later became Bishop of Grahamstown.	ae13a4a776cf3019e7003e952cb2def0333cc044ddab4e84c2d9e900baad18d586fac6fbd80404141c91b0accd3bab1dd663aa83b10a7de6ca3a1064e1a8a39e	그의 형 나단니얼은 나중에 그레이엄스타운의 주교가 되었습니다.	train
common_voice_en_19485239.mp3	The group is outraged, but come to appreciate this decision.	ae13a4a776cf3019e7003e952cb2def0333cc044ddab4e84c2d9e900baad18d586fac6fbd80404141c91b0accd3bab1dd663aa83b10a7de6ca3a1064e1a8a39e	그룹은 분노하지만 이 결정에 감사하게 됩니다.	train
common_voice_en_19485240.mp3	Therapists.	ae13a4a776cf3019e7003e952cb2def0333cc044ddab4e84c2d9e900baad18d586fac6fbd80404141c91b0accd3bab1dd663aa83b10a7de6ca3a1064e1a8a39e	치료사.	train
common_voice_en_19485241.mp3	Different detachments of the unit fought against advancing Bolshevik armies in Ukraine.	ae13a4a776cf3019e7003e952cb2def0333cc044ddab4e84c2d9e900baad18d586fac6fbd80404141c91b0accd3bab1dd663aa83b10a7de6ca3a1064e1a8a39e	부대의 여러 부대가 우크라이나에서 진격하는 볼셰비키 군대에 맞서 싸웠습니다.	train
common_voice_en_19491963.mp3	His voice is described as full-bodied.	ae13a4a776cf3019e7003e952cb2def0333cc044ddab4e84c2d9e900baad18d586fac6fbd80404141c91b0accd3bab1dd663aa83b10a7de6ca3a1064e1a8a39e	그의 목소리는 풀 바디로 묘사됩니다.	train
common_voice_en_19491964.mp3	It was also the first election in which there was no legal plural voting.	ae13a4a776cf3019e7003e952cb2def0333cc044ddab4e84c2d9e900baad18d586fac6fbd80404141c91b0accd3bab1dd663aa83b10a7de6ca3a1064e1a8a39e	또한 이번 선거는 법적 복수 투표가 없었던 최초의 선거이기도 했습니다.	train
common_voice_en_19491965.mp3	It was five years before Berry again took significant command.	ae13a4a776cf3019e7003e952cb2def0333cc044ddab4e84c2d9e900baad18d586fac6fbd80404141c91b0accd3bab1dd663aa83b10a7de6ca3a1064e1a8a39e	베리가 다시 중요한 지휘권을 잡기까지는 5년이 걸렸습니다.	train
common_voice_en_19491966.mp3	It should have a very creamy consistency.	ae13a4a776cf3019e7003e952cb2def0333cc044ddab4e84c2d9e900baad18d586fac6fbd80404141c91b0accd3bab1dd663aa83b10a7de6ca3a1064e1a8a39e	매우 크리미한 농도여야 합니다.	train
common_voice_en_19491967.mp3	He later became Governor of Malta.	ae13a4a776cf3019e7003e952cb2def0333cc044ddab4e84c2d9e900baad18d586fac6fbd80404141c91b0accd3bab1dd663aa83b10a7de6ca3a1064e1a8a39e	그는 나중에 몰타 주지사가 되었습니다.	train
common_voice_en_19491968.mp3	This ruling was subsequently upheld on appeal to the Federal Court of Australia.	ae13a4a776cf3019e7003e952cb2def0333cc044ddab4e84c2d9e900baad18d586fac6fbd80404141c91b0accd3bab1dd663aa83b10a7de6ca3a1064e1a8a39e	이 판결은 이후 호주 연방 법원에 항소하여 유지되었습니다.	train
common_voice_en_19491969.mp3	Like the Alvars the Saiva Nayanar poets were influential.	ae13a4a776cf3019e7003e952cb2def0333cc044ddab4e84c2d9e900baad18d586fac6fbd80404141c91b0accd3bab1dd663aa83b10a7de6ca3a1064e1a8a39e	알바르와 마찬가지로 사이바 나야나르 시인도 영향력 있는 시인이었습니다.	train
common_voice_en_19491970.mp3	Males of these species are competitive and territorial.	ae13a4a776cf3019e7003e952cb2def0333cc044ddab4e84c2d9e900baad18d586fac6fbd80404141c91b0accd3bab1dd663aa83b10a7de6ca3a1064e1a8a39e	이 종의 수컷은 경쟁심이 강하고 영역심이 강합니다.	train
common_voice_en_19491971.mp3	Milinkovic is of Croat descent.	ae13a4a776cf3019e7003e952cb2def0333cc044ddab4e84c2d9e900baad18d586fac6fbd80404141c91b0accd3bab1dd663aa83b10a7de6ca3a1064e1a8a39e	밀린코비치는 크로아티아 출신입니다.	train
common_voice_en_19491972.mp3	The band distanced themselves from the song following its release.	ae13a4a776cf3019e7003e952cb2def0333cc044ddab4e84c2d9e900baad18d586fac6fbd80404141c91b0accd3bab1dd663aa83b10a7de6ca3a1064e1a8a39e	밴드는 이 노래가 발표된 후 거리를 두었습니다.	train
common_voice_en_19491978.mp3	Movie Maker also allows users to publish a finished video on video hosting websites.	ae13a4a776cf3019e7003e952cb2def0333cc044ddab4e84c2d9e900baad18d586fac6fbd80404141c91b0accd3bab1dd663aa83b10a7de6ca3a1064e1a8a39e	또한 무비 메이커를 사용하면 완성된 동영상을 동영상 호스팅 웹사이트에 게시할 수 있습니다.	train
common_voice_en_19491979.mp3	Port Sudan is the capital of the state.	ae13a4a776cf3019e7003e952cb2def0333cc044ddab4e84c2d9e900baad18d586fac6fbd80404141c91b0accd3bab1dd663aa83b10a7de6ca3a1064e1a8a39e	포트수단은 수단주의 수도입니다.	train
common_voice_en_19491980.mp3	The Shining Stars program was introduced in partnership with the International Star Registry.	ae13a4a776cf3019e7003e952cb2def0333cc044ddab4e84c2d9e900baad18d586fac6fbd80404141c91b0accd3bab1dd663aa83b10a7de6ca3a1064e1a8a39e	샤이닝 스타 프로그램은 국제 스타 레지스트리와 제휴하여 도입되었습니다.	train
common_voice_en_19491981.mp3	Flagella are organelles for cellular mobility.	ae13a4a776cf3019e7003e952cb2def0333cc044ddab4e84c2d9e900baad18d586fac6fbd80404141c91b0accd3bab1dd663aa83b10a7de6ca3a1064e1a8a39e	편모는 세포의 이동성을 위한 소기관입니다.	train
common_voice_en_19491982.mp3	"This gameplay mechanic is often referred to as a ""cover system""."	ae13a4a776cf3019e7003e952cb2def0333cc044ddab4e84c2d9e900baad18d586fac6fbd80404141c91b0accd3bab1dd663aa83b10a7de6ca3a1064e1a8a39e	이 게임플레이 메커니즘을 흔히 '엄폐 시스템'이라고 합니다.	train
common_voice_en_19501900.mp3	Brisbania Public School stands at the corner of High Street and Davistown Road.	ae13a4a776cf3019e7003e952cb2def0333cc044ddab4e84c2d9e900baad18d586fac6fbd80404141c91b0accd3bab1dd663aa83b10a7de6ca3a1064e1a8a39e	브리즈번 공립학교는 하이 스트리트와 데이비스타운 로드 모퉁이에 있습니다.	train
common_voice_en_19501901.mp3	Jatayu walks two miles daily to keep fit, refers to encyclopaedia for writing novels.	ae13a4a776cf3019e7003e952cb2def0333cc044ddab4e84c2d9e900baad18d586fac6fbd80404141c91b0accd3bab1dd663aa83b10a7de6ca3a1064e1a8a39e	자튜는 건강을 유지하기 위해 매일 2마일을 걷고, 소설을 쓰기 위해 백과사전을 참고합니다.	train
common_voice_en_19501902.mp3	Rochester, Washington was named after Rochester, Michigan.	ae13a4a776cf3019e7003e952cb2def0333cc044ddab4e84c2d9e900baad18d586fac6fbd80404141c91b0accd3bab1dd663aa83b10a7de6ca3a1064e1a8a39e	워싱턴주 로체스터는 미시간주 로체스터의 이름을 따서 명명되었습니다.	train
common_voice_en_19501903.mp3	"Dominating the entrance to the temple is the Kaminarimon or ""Thunder Gate""."	ae13a4a776cf3019e7003e952cb2def0333cc044ddab4e84c2d9e900baad18d586fac6fbd80404141c91b0accd3bab1dd663aa83b10a7de6ca3a1064e1a8a39e	사원 입구를 지배하는 것은 카미나리몬 또는 "천둥의 문"입니다.	train
common_voice_en_19501904.mp3	OnePetro is a multi-association effort that reflects participation of many organizations.	ae13a4a776cf3019e7003e952cb2def0333cc044ddab4e84c2d9e900baad18d586fac6fbd80404141c91b0accd3bab1dd663aa83b10a7de6ca3a1064e1a8a39e	원페트로는 많은 조직의 참여를 반영하는 여러 협회의 노력입니다.	train
common_voice_en_19507677.mp3	They were painted in a navy-blue and yellow livery at this time.	ae13a4a776cf3019e7003e952cb2def0333cc044ddab4e84c2d9e900baad18d586fac6fbd80404141c91b0accd3bab1dd663aa83b10a7de6ca3a1064e1a8a39e	당시에는 남색과 노란색으로 칠해져 있었습니다.	train
common_voice_en_19507678.mp3	Dern would later attribute Seacat with a dramatic transformation in her life and work.	ae13a4a776cf3019e7003e952cb2def0333cc044ddab4e84c2d9e900baad18d586fac6fbd80404141c91b0accd3bab1dd663aa83b10a7de6ca3a1064e1a8a39e	Dern은 나중에 Seacat이 자신의 삶과 업무에 극적인 변화를 가져왔다고 평가했습니다.	train
common_voice_en_19507679.mp3	The Grand Trunk Express began service in India.	ae13a4a776cf3019e7003e952cb2def0333cc044ddab4e84c2d9e900baad18d586fac6fbd80404141c91b0accd3bab1dd663aa83b10a7de6ca3a1064e1a8a39e	그랜드 트렁크 익스프레스는 인도에서 서비스를 시작했습니다.	train
common_voice_en_19507680.mp3	The robbery is bloodless and precise.	ae13a4a776cf3019e7003e952cb2def0333cc044ddab4e84c2d9e900baad18d586fac6fbd80404141c91b0accd3bab1dd663aa83b10a7de6ca3a1064e1a8a39e	강도짓은 피도 눈물도 없이 치밀하게 이루어집니다.	train
common_voice_en_19507681.mp3	The episode included an interview with program host, Nic Harcourt.	ae13a4a776cf3019e7003e952cb2def0333cc044ddab4e84c2d9e900baad18d586fac6fbd80404141c91b0accd3bab1dd663aa83b10a7de6ca3a1064e1a8a39e	이 에피소드에는 프로그램 진행자인 닉 하코트와의 인터뷰가 포함되어 있습니다.	train
common_voice_en_19507687.mp3	When he finished the contract he was retired.	ae13a4a776cf3019e7003e952cb2def0333cc044ddab4e84c2d9e900baad18d586fac6fbd80404141c91b0accd3bab1dd663aa83b10a7de6ca3a1064e1a8a39e	계약이 끝나자 그는 은퇴했습니다.	train
common_voice_en_19507688.mp3	Bruckner was raised in Conifer, Colorado.	ae13a4a776cf3019e7003e952cb2def0333cc044ddab4e84c2d9e900baad18d586fac6fbd80404141c91b0accd3bab1dd663aa83b10a7de6ca3a1064e1a8a39e	브루크너는 콜로라도주 코니퍼에서 자랐습니다.	train
common_voice_en_19507689.mp3	Nonetheless, in some states, all terms are used synonymously.	ae13a4a776cf3019e7003e952cb2def0333cc044ddab4e84c2d9e900baad18d586fac6fbd80404141c91b0accd3bab1dd663aa83b10a7de6ca3a1064e1a8a39e	그럼에도 불구하고 일부 주에서는 모든 용어가 동의어로 사용됩니다.	train
common_voice_en_19507691.mp3	If the arm drops suddenly or pain is experienced, the test is considered positive.	ae13a4a776cf3019e7003e952cb2def0333cc044ddab4e84c2d9e900baad18d586fac6fbd80404141c91b0accd3bab1dd663aa83b10a7de6ca3a1064e1a8a39e	팔이 갑자기 떨어지거나 통증이 발생하면 양성으로 간주합니다.	train
common_voice_en_19507693.mp3	Use of the Greenway has grown, reflecting the increased population of Loudoun County.	ae13a4a776cf3019e7003e952cb2def0333cc044ddab4e84c2d9e900baad18d586fac6fbd80404141c91b0accd3bab1dd663aa83b10a7de6ca3a1064e1a8a39e	루던 카운티의 인구 증가를 반영하듯 그린웨이의 사용량이 증가했습니다.	train
common_voice_en_19511876.mp3	"""Hasiru honnu"" is as informative as it is delightful."	ae13a4a776cf3019e7003e952cb2def0333cc044ddab4e84c2d9e900baad18d586fac6fbd80404141c91b0accd3bab1dd663aa83b10a7de6ca3a1064e1a8a39e	하시루 혼누'는 유쾌하면서도 유익한 정보입니다.	train
common_voice_en_19511878.mp3	See also the comparison of audio synthesis environments.	ae13a4a776cf3019e7003e952cb2def0333cc044ddab4e84c2d9e900baad18d586fac6fbd80404141c91b0accd3bab1dd663aa83b10a7de6ca3a1064e1a8a39e	오디오 합성 환경 비교도 참조하세요.	train_covost
common_voice_en_19511879.mp3	It is usually served fresh and at room temperature.	ae13a4a776cf3019e7003e952cb2def0333cc044ddab4e84c2d9e900baad18d586fac6fbd80404141c91b0accd3bab1dd663aa83b10a7de6ca3a1064e1a8a39e	일반적으로 실온에서 신선하게 제공됩니다.	train
common_voice_en_19511880.mp3	Knight and Leavitt continued with the company and saw it safely through to California.	ae13a4a776cf3019e7003e952cb2def0333cc044ddab4e84c2d9e900baad18d586fac6fbd80404141c91b0accd3bab1dd663aa83b10a7de6ca3a1064e1a8a39e	나이트와 리빗은 회사를 계속 이끌었고 캘리포니아까지 무사히 도착했습니다.	train
common_voice_en_19511881.mp3	It is one of the few public traditional Chinese gardens outside of China.	ae13a4a776cf3019e7003e952cb2def0333cc044ddab4e84c2d9e900baad18d586fac6fbd80404141c91b0accd3bab1dd663aa83b10a7de6ca3a1064e1a8a39e	중국 외 지역에 있는 몇 안 되는 공공 중국 전통 정원 중 하나입니다.	train_covost
common_voice_en_19511882.mp3	He studied at Cheadle Hulme School in Manchester.	ae13a4a776cf3019e7003e952cb2def0333cc044ddab4e84c2d9e900baad18d586fac6fbd80404141c91b0accd3bab1dd663aa83b10a7de6ca3a1064e1a8a39e	그는 맨체스터의 치들 헐름 학교에서 공부했습니다.	train
common_voice_en_19511883.mp3	Costa was born in Parma.	ae13a4a776cf3019e7003e952cb2def0333cc044ddab4e84c2d9e900baad18d586fac6fbd80404141c91b0accd3bab1dd663aa83b10a7de6ca3a1064e1a8a39e	코스타는 파르마에서 태어났습니다.	train_covost
common_voice_en_19511884.mp3	Primaries allow political parties to select and unite behind one candidate.	ae13a4a776cf3019e7003e952cb2def0333cc044ddab4e84c2d9e900baad18d586fac6fbd80404141c91b0accd3bab1dd663aa83b10a7de6ca3a1064e1a8a39e	예비선거를 통해 정당은 한 명의 후보를 선출하고 단일화할 수 있습니다.	train
common_voice_en_19511885.mp3	"That's when his girlfriend, Mathilde, tells him she is pregnant."	ae13a4a776cf3019e7003e952cb2def0333cc044ddab4e84c2d9e900baad18d586fac6fbd80404141c91b0accd3bab1dd663aa83b10a7de6ca3a1064e1a8a39e	그때 그의 여자 친구 마틸드가 임신 사실을 알립니다.	train
common_voice_en_19511891.mp3	During this period it was besieged three times.	ae13a4a776cf3019e7003e952cb2def0333cc044ddab4e84c2d9e900baad18d586fac6fbd80404141c91b0accd3bab1dd663aa83b10a7de6ca3a1064e1a8a39e	이 기간 동안 세 차례 포위 공격을 받았습니다.	train
common_voice_en_19511892.mp3	Though these remain, they are in private residential use.	ae13a4a776cf3019e7003e952cb2def0333cc044ddab4e84c2d9e900baad18d586fac6fbd80404141c91b0accd3bab1dd663aa83b10a7de6ca3a1064e1a8a39e	아직 남아 있지만 개인 주거용으로 사용되고 있습니다.	train_covost
common_voice_en_19511893.mp3	The source of sexual pleasure expands outside of the mother and father.	ae13a4a776cf3019e7003e952cb2def0333cc044ddab4e84c2d9e900baad18d586fac6fbd80404141c91b0accd3bab1dd663aa83b10a7de6ca3a1064e1a8a39e	성적 쾌락의 원천은 어머니와 아버지 바깥으로 확장됩니다.	train
common_voice_en_19511894.mp3	The original courthouse was located at Montebello.	ae13a4a776cf3019e7003e952cb2def0333cc044ddab4e84c2d9e900baad18d586fac6fbd80404141c91b0accd3bab1dd663aa83b10a7de6ca3a1064e1a8a39e	원래 법원은 몬테벨로에 있었습니다.	train_covost
common_voice_en_19511895.mp3	The area is rich in natural resources.	ae13a4a776cf3019e7003e952cb2def0333cc044ddab4e84c2d9e900baad18d586fac6fbd80404141c91b0accd3bab1dd663aa83b10a7de6ca3a1064e1a8a39e	이 지역은 천연 자원이 풍부합니다.	train
common_voice_en_19516193.mp3	Commercial production of cumene is by Friedel-Crafts alkylation of benzene with propylene.	ae13a4a776cf3019e7003e952cb2def0333cc044ddab4e84c2d9e900baad18d586fac6fbd80404141c91b0accd3bab1dd663aa83b10a7de6ca3a1064e1a8a39e	쿠멘의 상업적 생산은 벤젠을 프로필렌으로 알킬화하는 프리델-크래프트 알킬화 방식입니다.	train
common_voice_en_19516194.mp3	Any league or independent team with a grey background is defunct.	ae13a4a776cf3019e7003e952cb2def0333cc044ddab4e84c2d9e900baad18d586fac6fbd80404141c91b0accd3bab1dd663aa83b10a7de6ca3a1064e1a8a39e	회색 배경의 리그 또는 독립 팀은 모두 사라집니다.	train
common_voice_en_19516195.mp3	By their nature, they produce direct current.	ae13a4a776cf3019e7003e952cb2def0333cc044ddab4e84c2d9e900baad18d586fac6fbd80404141c91b0accd3bab1dd663aa83b10a7de6ca3a1064e1a8a39e	본질적으로 직류를 생성합니다.	train_covost
common_voice_en_19516196.mp3	The gang began operating as river pirates during this time.	ae13a4a776cf3019e7003e952cb2def0333cc044ddab4e84c2d9e900baad18d586fac6fbd80404141c91b0accd3bab1dd663aa83b10a7de6ca3a1064e1a8a39e	이 시기에 강 해적단으로 활동하기 시작했습니다.	train
common_voice_en_19516197.mp3	Following the eradication of the human-specific variola virus, all human Orthopoxvirus infections are zoonoses.	ae13a4a776cf3019e7003e952cb2def0333cc044ddab4e84c2d9e900baad18d586fac6fbd80404141c91b0accd3bab1dd663aa83b10a7de6ca3a1064e1a8a39e	인간 특이적인 바리올라 바이러스가 박멸된 이후, 모든 인간 오소폭스바이러스 감염은 인수공통전염병입니다.	train
common_voice_en_19516198.mp3	The most notable feature in its structure is its circular shape, unique in Spain.	ae13a4a776cf3019e7003e952cb2def0333cc044ddab4e84c2d9e900baad18d586fac6fbd80404141c91b0accd3bab1dd663aa83b10a7de6ca3a1064e1a8a39e	구조에서 가장 눈에 띄는 특징은 스페인 특유의 원형 모양입니다.	train_covost
common_voice_en_19516199.mp3	Father Badin was the first priest ordained in the United States.	ae13a4a776cf3019e7003e952cb2def0333cc044ddab4e84c2d9e900baad18d586fac6fbd80404141c91b0accd3bab1dd663aa83b10a7de6ca3a1064e1a8a39e	바딘 신부는 미국에서 최초로 성직자 서품을 받은 사제입니다.	train
common_voice_en_19516200.mp3	This is a highly specialized procedure.	ae13a4a776cf3019e7003e952cb2def0333cc044ddab4e84c2d9e900baad18d586fac6fbd80404141c91b0accd3bab1dd663aa83b10a7de6ca3a1064e1a8a39e	이는 고도로 전문화된 절차입니다.	train
common_voice_en_19516201.mp3	"Auenrbugger's daughter, Marianna, was a composer and pupil of Antonio Salieri."	ae13a4a776cf3019e7003e952cb2def0333cc044ddab4e84c2d9e900baad18d586fac6fbd80404141c91b0accd3bab1dd663aa83b10a7de6ca3a1064e1a8a39e	아우엔르부거의 딸인 마리아나는 작곡가이자 안토니오 살리에리의 제자였습니다.	train
common_voice_en_19516202.mp3	Duguid was a long-time environmental activist prior to his entry to politics.	ae13a4a776cf3019e7003e952cb2def0333cc044ddab4e84c2d9e900baad18d586fac6fbd80404141c91b0accd3bab1dd663aa83b10a7de6ca3a1064e1a8a39e	듀기드는 정계에 입문하기 전 오랜 기간 환경 운동가로 활동했습니다.	train
common_voice_en_19516203.mp3	As its name suggests, certain regions of cerebral softening result in a red color.	ae13a4a776cf3019e7003e952cb2def0333cc044ddab4e84c2d9e900baad18d586fac6fbd80404141c91b0accd3bab1dd663aa83b10a7de6ca3a1064e1a8a39e	이름에서 알 수 있듯이 대뇌의 특정 부위가 연화되면 붉은 색을 띠게 됩니다.	train
common_voice_en_19516204.mp3	"Quadrilateral faces, commonly named ""quads"", are the fundamental entity in box modeling."	ae13a4a776cf3019e7003e952cb2def0333cc044ddab4e84c2d9e900baad18d586fac6fbd80404141c91b0accd3bab1dd663aa83b10a7de6ca3a1064e1a8a39e	일반적으로 '쿼드'라고 불리는 사변형 면은 박스 모델링의 기본 개체입니다.	train_covost
common_voice_en_19516205.mp3	The soil supports a diverse flora of herbaceous plants, woody shrubs and hardwood trees.	ae13a4a776cf3019e7003e952cb2def0333cc044ddab4e84c2d9e900baad18d586fac6fbd80404141c91b0accd3bab1dd663aa83b10a7de6ca3a1064e1a8a39e	토양은 초본 식물, 목본 관목, 활엽수 등 다양한 식물상을 지원합니다.	train
common_voice_en_19516206.mp3	He was the cousin of botanists John Bartram and William Bartram.	ae13a4a776cf3019e7003e952cb2def0333cc044ddab4e84c2d9e900baad18d586fac6fbd80404141c91b0accd3bab1dd663aa83b10a7de6ca3a1064e1a8a39e	그는 식물학자 존 바트람과 윌리엄 바트람의 사촌이었습니다.	train
common_voice_en_19516207.mp3	Ruckelshaus also refused and resigned.	ae13a4a776cf3019e7003e952cb2def0333cc044ddab4e84c2d9e900baad18d586fac6fbd80404141c91b0accd3bab1dd663aa83b10a7de6ca3a1064e1a8a39e	루켈스하우스도 이를 거부하고 사임했습니다.	train
common_voice_en_19519336.mp3	Today it is a popular touristic attraction for its music-events and touristic guidings.	ae13a4a776cf3019e7003e952cb2def0333cc044ddab4e84c2d9e900baad18d586fac6fbd80404141c91b0accd3bab1dd663aa83b10a7de6ca3a1064e1a8a39e	오늘날에는 음악 이벤트와 관광 안내로 인기 있는 관광 명소로 자리 잡았습니다.	train
common_voice_en_19519337.mp3	Southern Nicholson Township is the location of an archaeological site, the Deffenbaugh Site.	ae13a4a776cf3019e7003e952cb2def0333cc044ddab4e84c2d9e900baad18d586fac6fbd80404141c91b0accd3bab1dd663aa83b10a7de6ca3a1064e1a8a39e	남부 니콜슨 타운십은 고고학 유적지인 데펜보우 유적지가 있는 곳입니다.	train
common_voice_en_19519338.mp3	"The band changed ""codeine"" to ""cosmic"" to avoid the drug association."	ae13a4a776cf3019e7003e952cb2def0333cc044ddab4e84c2d9e900baad18d586fac6fbd80404141c91b0accd3bab1dd663aa83b10a7de6ca3a1064e1a8a39e	밴드는 마약 연상을 피하기 위해 '코데인'을 '코스믹'으로 변경했습니다.	train
common_voice_en_19519339.mp3	"However Piatkowski's team lost to the eleventh seeded Penn Quakers in the opening round."	ae13a4a776cf3019e7003e952cb2def0333cc044ddab4e84c2d9e900baad18d586fac6fbd80404141c91b0accd3bab1dd663aa83b10a7de6ca3a1064e1a8a39e	하지만 피아트코프스키의 팀은 개막 라운드에서 11번 시드를 받은 펜 퀘이커스에 패했습니다.	train_covost
common_voice_en_19519340.mp3	He lived at Dormont, Lockerbie, Dumfries.	ae13a4a776cf3019e7003e952cb2def0333cc044ddab4e84c2d9e900baad18d586fac6fbd80404141c91b0accd3bab1dd663aa83b10a7de6ca3a1064e1a8a39e	그는 덤프리스 로커비 도몬트에 살았습니다.	train
common_voice_en_19519341.mp3	The bonus tracks are listed in the wrong order in the booklet.	ae13a4a776cf3019e7003e952cb2def0333cc044ddab4e84c2d9e900baad18d586fac6fbd80404141c91b0accd3bab1dd663aa83b10a7de6ca3a1064e1a8a39e	보너스 트랙이 책자에 잘못된 순서로 나열되어 있습니다.	train_covost
common_voice_en_19519342.mp3	"When the palace guards capture Aladdin, Jafar lies to Jasmine about Aladdin's upcoming fate."	ae13a4a776cf3019e7003e952cb2def0333cc044ddab4e84c2d9e900baad18d586fac6fbd80404141c91b0accd3bab1dd663aa83b10a7de6ca3a1064e1a8a39e	궁전 경비병에게 알라딘이 잡히자 자파르는 자스민에게 알라딘의 다가올 운명에 대해 거짓말을 해요.	train_covost
common_voice_en_19519343.mp3	Grumman selected a Navy submariner named Don Kazimir to be captain.	ae13a4a776cf3019e7003e952cb2def0333cc044ddab4e84c2d9e900baad18d586fac6fbd80404141c91b0accd3bab1dd663aa83b10a7de6ca3a1064e1a8a39e	Grumman은 돈 카지미르라는 해군 잠수함을 함장으로 임명했습니다.	train_covost
common_voice_en_19519344.mp3	The armor deflects or limits attacks, both physical and magical.	ae13a4a776cf3019e7003e952cb2def0333cc044ddab4e84c2d9e900baad18d586fac6fbd80404141c91b0accd3bab1dd663aa83b10a7de6ca3a1064e1a8a39e	갑옷은 물리 공격과 마법 공격을 모두 빗나가게 하거나 제한합니다.	train_covost
common_voice_en_19519345.mp3	"The ""koku"" unit is still commonly used in the lumber industry in Japan."	ae13a4a776cf3019e7003e952cb2def0333cc044ddab4e84c2d9e900baad18d586fac6fbd80404141c91b0accd3bab1dd663aa83b10a7de6ca3a1064e1a8a39e	'코쿠' 단위는 일본의 목재 산업에서 여전히 일반적으로 사용되고 있습니다.	train
common_voice_en_19519346.mp3	The unincorporated communities of Brockway, Sheppard, and Vaudreuil are located in the town.	ae13a4a776cf3019e7003e952cb2def0333cc044ddab4e84c2d9e900baad18d586fac6fbd80404141c91b0accd3bab1dd663aa83b10a7de6ca3a1064e1a8a39e	마을에는 브록웨이, 셰퍼드, 보드뢰일이라는 통합되지 않은 커뮤니티가 있습니다.	train
common_voice_en_19519347.mp3	Sri Lanka beat India in the final to win the cup.	ae13a4a776cf3019e7003e952cb2def0333cc044ddab4e84c2d9e900baad18d586fac6fbd80404141c91b0accd3bab1dd663aa83b10a7de6ca3a1064e1a8a39e	스리랑카가 결승에서 인도를 꺾고 우승컵을 들어 올렸습니다.	train
common_voice_en_19519348.mp3	It was not damaged by the collapse of the Arqiva mast.	ae13a4a776cf3019e7003e952cb2def0333cc044ddab4e84c2d9e900baad18d586fac6fbd80404141c91b0accd3bab1dd663aa83b10a7de6ca3a1064e1a8a39e	아르키바 마스트의 붕괴로 인한 피해는 없었습니다.	train
common_voice_en_19519349.mp3	The hydroboration-oxidation and oxymercuration-reduction of alkenes are more reliable in organic synthesis.	ae13a4a776cf3019e7003e952cb2def0333cc044ddab4e84c2d9e900baad18d586fac6fbd80404141c91b0accd3bab1dd663aa83b10a7de6ca3a1064e1a8a39e	알켄의 하이드로보레이션-산화 및 산화수용화-환원은 유기 합성에서 더 신뢰할 수 있습니다.	train_covost
common_voice_en_19519350.mp3	"At the same time, the Chiangs moved to dismiss Wu's associates from government."	ae13a4a776cf3019e7003e952cb2def0333cc044ddab4e84c2d9e900baad18d586fac6fbd80404141c91b0accd3bab1dd663aa83b10a7de6ca3a1064e1a8a39e	동시에 장제스는 우의 측근들을 정부에서 해임하기 위해 움직였습니다.	train_covost
common_voice_en_135370.mp3	"I don't know you!"	bdb9e7b61df6b42158b76c3610b9209b09e9c9dd62eddd23c8957bc48183d3bd80dc450d0b44de874448c394e28becae04fbc03f1c9c2db817bde974ee05436e	난 당신을 몰라요!	train_covost
common_voice_en_135373.mp3	Please help me find the Selections from the Arista Years video game.	bdb9e7b61df6b42158b76c3610b9209b09e9c9dd62eddd23c8957bc48183d3bd80dc450d0b44de874448c394e28becae04fbc03f1c9c2db817bde974ee05436e	Arista Years 비디오 게임에서 선택 항목을 찾는 데 도움을 주세요.	train_covost
common_voice_en_135379.mp3	Put Jackie right on the staff.	bdb9e7b61df6b42158b76c3610b9209b09e9c9dd62eddd23c8957bc48183d3bd80dc450d0b44de874448c394e28becae04fbc03f1c9c2db817bde974ee05436e	재키를 지팡이에 바로 올려놓으세요.	train_covost
common_voice_en_135385.mp3	"""Hey DJ, play the top one hundred tracks"""	bdb9e7b61df6b42158b76c3610b9209b09e9c9dd62eddd23c8957bc48183d3bd80dc450d0b44de874448c394e28becae04fbc03f1c9c2db817bde974ee05436e	Hey DJ, 상위 100개 트랙 재생하기	train_covost
common_voice_en_135391.mp3	"We've got to get bail."	bdb9e7b61df6b42158b76c3610b9209b09e9c9dd62eddd23c8957bc48183d3bd80dc450d0b44de874448c394e28becae04fbc03f1c9c2db817bde974ee05436e	보석금을 내야 해요.	train_covost
common_voice_en_135393.mp3	Other times I want to do something good for the world.	bdb9e7b61df6b42158b76c3610b9209b09e9c9dd62eddd23c8957bc48183d3bd80dc450d0b44de874448c394e28becae04fbc03f1c9c2db817bde974ee05436e	때로는 세상을 위해 좋은 일을 하고 싶을 때도 있습니다.	train_covost
common_voice_en_135394.mp3	Yours sincerely, satan.	bdb9e7b61df6b42158b76c3610b9209b09e9c9dd62eddd23c8957bc48183d3bd80dc450d0b44de874448c394e28becae04fbc03f1c9c2db817bde974ee05436e	진심으로 사탄이여.	train_covost
common_voice_en_135397.mp3	A tiny star appeared from nowhere.	bdb9e7b61df6b42158b76c3610b9209b09e9c9dd62eddd23c8957bc48183d3bd80dc450d0b44de874448c394e28becae04fbc03f1c9c2db817bde974ee05436e	어디선가 작은 별이 나타났습니다.	train_covost
common_voice_en_135403.mp3	Look for the show Card Hunter	bdb9e7b61df6b42158b76c3610b9209b09e9c9dd62eddd23c8957bc48183d3bd80dc450d0b44de874448c394e28becae04fbc03f1c9c2db817bde974ee05436e	카드 헌터 쇼를 찾아보세요	train_covost
common_voice_en_135404.mp3	"I'm going to tell her what I think of her!"	bdb9e7b61df6b42158b76c3610b9209b09e9c9dd62eddd23c8957bc48183d3bd80dc450d0b44de874448c394e28becae04fbc03f1c9c2db817bde974ee05436e	그녀에 대한 제 생각을 말씀드리겠습니다!	train_covost
common_voice_en_135405.mp3	How long will it take to get him examined?	bdb9e7b61df6b42158b76c3610b9209b09e9c9dd62eddd23c8957bc48183d3bd80dc450d0b44de874448c394e28becae04fbc03f1c9c2db817bde974ee05436e	검사를 받는 데 얼마나 걸리나요?	train_covost
common_voice_en_135408.mp3	book a table in Montenegro for alissa, cornelia williams and katrina at osteria	bdb9e7b61df6b42158b76c3610b9209b09e9c9dd62eddd23c8957bc48183d3bd80dc450d0b44de874448c394e28becae04fbc03f1c9c2db817bde974ee05436e	오스테리아에서 알리사, 코넬리아 윌리엄스, 카트리나를 위한 몬테네그로 테이블 예약하기	train_covost
common_voice_en_135410.mp3	"You're far too valuable!"	bdb9e7b61df6b42158b76c3610b9209b09e9c9dd62eddd23c8957bc48183d3bd80dc450d0b44de874448c394e28becae04fbc03f1c9c2db817bde974ee05436e	여러분은 너무 소중합니다!	train_covost
common_voice_en_135411.mp3	Grandma is fearless.	bdb9e7b61df6b42158b76c3610b9209b09e9c9dd62eddd23c8957bc48183d3bd80dc450d0b44de874448c394e28becae04fbc03f1c9c2db817bde974ee05436e	할머니는 겁이 없습니다.	train_covost
common_voice_en_135414.mp3	"It does impose some constraints on command ordering, but this isn't a big problem."	bdb9e7b61df6b42158b76c3610b9209b09e9c9dd62eddd23c8957bc48183d3bd80dc450d0b44de874448c394e28becae04fbc03f1c9c2db817bde974ee05436e	명령어 순서에 약간의 제약이 따르기는 하지만 큰 문제는 아닙니다.	train_covost
common_voice_en_135415.mp3	"You've got the brain of a pancake."	bdb9e7b61df6b42158b76c3610b9209b09e9c9dd62eddd23c8957bc48183d3bd80dc450d0b44de874448c394e28becae04fbc03f1c9c2db817bde974ee05436e	당신은 팬케이크의 두뇌를 가지고 있습니다.	train_covost
common_voice_en_135418.mp3	I think somebody stole one of his crown jewels.	bdb9e7b61df6b42158b76c3610b9209b09e9c9dd62eddd23c8957bc48183d3bd80dc450d0b44de874448c394e28becae04fbc03f1c9c2db817bde974ee05436e	누군가 그의 보석을 훔쳐간 것 같아요.	train_covost
common_voice_en_135419.mp3	I could buy some new clothes with all that money.	bdb9e7b61df6b42158b76c3610b9209b09e9c9dd62eddd23c8957bc48183d3bd80dc450d0b44de874448c394e28becae04fbc03f1c9c2db817bde974ee05436e	그 돈이면 새 옷도 살 수 있을 것 같아요.	train_covost
common_voice_en_135422.mp3	Programmers like to write code; not words.	bdb9e7b61df6b42158b76c3610b9209b09e9c9dd62eddd23c8957bc48183d3bd80dc450d0b44de874448c394e28becae04fbc03f1c9c2db817bde974ee05436e	프로그래머는 말이 아닌 코드를 작성하는 것을 좋아합니다.	train_covost
common_voice_en_135424.mp3	Add Ray Noble to my Chill Vibes playlist.	bdb9e7b61df6b42158b76c3610b9209b09e9c9dd62eddd23c8957bc48183d3bd80dc450d0b44de874448c394e28becae04fbc03f1c9c2db817bde974ee05436e	내 칠 바이브 재생 목록에 레이 노블을 추가하세요.	train_covost
common_voice_en_135428.mp3	Give five points to The Good Daughter book	bdb9e7b61df6b42158b76c3610b9209b09e9c9dd62eddd23c8957bc48183d3bd80dc450d0b44de874448c394e28becae04fbc03f1c9c2db817bde974ee05436e	착한 딸 책에 5점 부여	train_covost
common_voice_en_135438.mp3	Everything I do is friendly.	bdb9e7b61df6b42158b76c3610b9209b09e9c9dd62eddd23c8957bc48183d3bd80dc450d0b44de874448c394e28becae04fbc03f1c9c2db817bde974ee05436e	제가 하는 모든 일은 친절합니다.	train_covost
common_voice_en_135447.mp3	A bunch of us are going berry picking tomorrow.	bdb9e7b61df6b42158b76c3610b9209b09e9c9dd62eddd23c8957bc48183d3bd80dc450d0b44de874448c394e28becae04fbc03f1c9c2db817bde974ee05436e	내일 여러 명이 베리 수확을 하러 갈 예정입니다.	train_covost
common_voice_en_135454.mp3	"I'll call the police."	bdb9e7b61df6b42158b76c3610b9209b09e9c9dd62eddd23c8957bc48183d3bd80dc450d0b44de874448c394e28becae04fbc03f1c9c2db817bde974ee05436e	경찰에 신고할게요.	train_covost
common_voice_en_135455.mp3	Pork cutlet is also very tasty, but our religion does not allow us to eat it.	bdb9e7b61df6b42158b76c3610b9209b09e9c9dd62eddd23c8957bc48183d3bd80dc450d0b44de874448c394e28becae04fbc03f1c9c2db817bde974ee05436e	돈까스도 매우 맛있지만 우리 종교는 그것을 먹는 것을 허용하지 않습니다.	train_covost
common_voice_en_135457.mp3	"While I'm laying down disclaimers, I should also mention that the code is a work in progress."	bdb9e7b61df6b42158b76c3610b9209b09e9c9dd62eddd23c8957bc48183d3bd80dc450d0b44de874448c394e28becae04fbc03f1c9c2db817bde974ee05436e	면책 조항을 두는 동안 이 코드는 현재 진행 중인 작업이라는 점도 말씀드리고 싶습니다.	train_covost
common_voice_en_135464.mp3	Can you please find me The Biggest Loser Brunei: The Spirit of Life photograph?	bdb9e7b61df6b42158b76c3610b9209b09e9c9dd62eddd23c8957bc48183d3bd80dc450d0b44de874448c394e28becae04fbc03f1c9c2db817bde974ee05436e	가장 큰 패배자 브루나이: 생명의 정신 사진 좀 찾아주시겠어요?	train_covost
common_voice_en_135465.mp3	Without a single quiver.	bdb9e7b61df6b42158b76c3610b9209b09e9c9dd62eddd23c8957bc48183d3bd80dc450d0b44de874448c394e28becae04fbc03f1c9c2db817bde974ee05436e	떨림 없이.	train_covost
common_voice_en_135480.mp3	Then what does she want with you?	bdb9e7b61df6b42158b76c3610b9209b09e9c9dd62eddd23c8957bc48183d3bd80dc450d0b44de874448c394e28becae04fbc03f1c9c2db817bde974ee05436e	그럼 그녀가 원하는 것은 무엇일까요?	train_covost
